,id,model,pam,price,retail_price,year,box,papers,gender,movement,case_size,case_material,bracelet_material,dial_type,w_resistance,date,link,img_path
0,170531,Luminor GMT,PAM00535,6890,8290,2016,Yes,Yes,Mens,Automatic,42 MM,Steel,Leather - Black,Black Baton,100 metres,25/10/2020 11:26:03,https://www.watchfinder.es/Panerai/LuminorGMT/PAM00535/42683/item/170531,../data/imgs/WF_panerai/170531_PAM00535_Luminor GMT.jpeg
1,170570,Luminor Marina,PAM00048,5210,,2001,Yes,Yes,Mens,Automatic,40 MM,Steel,Leather - Tan,Black Baton,300 metres,25/10/2020 11:26:07,https://www.watchfinder.es/Panerai/LuminorMarina/PAM00048/48566/item/170570,../data/imgs/WF_panerai/170570_PAM00048_Luminor Marina.jpeg
2,169268,Luminor 8 Days,PAM00599,9240,,2004,Yes,Yes,Mens,Manual,44 MM,Steel - Black PVD,Leather - Grey,Black,300 metres,25/10/2020 11:26:10,https://www.watchfinder.es/Panerai/Luminor8Days/PAM00599/41355/item/169268,../data/imgs/WF_panerai/169268_PAM00599_Luminor 8 Days.jpeg
3,170669,Luminor Marina,PAM00113,4425,,2007,No,Yes,Mens,Manual,44 MM,Steel,Rubber - Black,White Arabic,300 metres,25/10/2020 11:26:13,https://www.watchfinder.es/Panerai/LuminorMarina/PAM00113/13130/item/170669,../data/imgs/WF_panerai/170669_PAM00113_Luminor Marina.jpeg
4,171088,Luminor 1950,PAM00375,8905,11985,2012,Yes,Yes,Mens,Manual,47 MM,Composite,Leather - Brown,Black Quarter Arabic,100 metres,25/10/2020 11:26:17,https://www.watchfinder.es/Panerai/Luminor1950/PAM00375/30032/item/171088,../data/imgs/WF_panerai/171088_PAM00375_Luminor 1950.jpeg
5,150183,Radiomir Manual,PAM00439,12265,,2017,Yes,Yes,Mens,Manual,42 MM,Red Gold,Alligator - Brown,Brown Quarter Arabic,100 metres,25/10/2020 11:26:20,https://www.watchfinder.es/Panerai/RadiomirManual/PAM00439/23841/item/150183,../data/imgs/WF_panerai/150183_PAM00439_Radiomir Manual.jpeg
6,157965,Luminor Chrono,PAM00356,5545,,2011,Yes,Yes,Mens,Automatic,44 MM,Steel,Leather - Black,Black Baton,100 metres,25/10/2020 11:26:23,https://www.watchfinder.es/Panerai/LuminorChrono/PAM00356/22354/item/157965,../data/imgs/WF_panerai/157965_PAM00356_Luminor Chrono.jpeg
7,133387,Luminor Regatta,PAM00308,6665,,2008,Yes,Yes,Mens,Manual,44 MM,Steel,Rubber - Black,Black,100 metres,25/10/2020 11:26:26,https://www.watchfinder.es/Panerai/LuminorRegatta/PAM00308/28116/item/133387,../data/imgs/WF_panerai/133387_PAM00308_Luminor Regatta.jpeg
8,171699,Luminor Power Reserve,PAM00913,7225,,2018,Yes,Yes,Mens,Manual,44 MM,Titanium,Leather - Black,Blue Quarter Arabic,300 metres,25/10/2020 11:26:29,https://www.watchfinder.es/Panerai/LuminorPowerReserve/PAM00913/48778/item/171699,../data/imgs/WF_panerai/171699_PAM00913_Luminor Power Reserve.jpeg
9,116993,Luminor Marina,PAM00026,,9295,2001,Yes,Yes,Mens,Manual,44 MM,Steel - Black PVD,Crocodile - Black,Black Quarter Arabic,300 metres,25/10/2020 11:26:33,https://www.watchfinder.es/Panerai/LuminorMarina/PAM00026/36708/item/116993,../data/imgs/WF_panerai/116993_PAM00026_Luminor Marina.jpeg
10,169528,Luminor 1950,PAM00212,6665,7730,2007,Yes,Yes,Mens,Automatic,44 MM,Steel,Leather & Fabric Black,Black Baton,100 metres,25/10/2020 11:26:36,https://www.watchfinder.es/Panerai/Luminor1950/PAM00212/6317/item/169528,../data/imgs/WF_panerai/169528_PAM00212_Luminor 1950.jpeg
11,166100,Radiomir 1940 3 Days,PAM00658,7225,11200,2016,Yes,Yes,Mens,Automatic,45 MM,Steel,Leather - Black,Black Quarter Arabic,100 metres,25/10/2020 11:26:39,https://www.watchfinder.es/Panerai/Radiomir19403Days/PAM00658/47669/item/166100,../data/imgs/WF_panerai/166100_PAM00658_Radiomir 1940 3 Days.jpeg
12,168410,Radiomir Manual,PAM00380,4090,,2017,Yes,Yes,Mens,Manual,45 MM,Steel,Leather - Brown,Black Quarter Arabic,100 metres,25/10/2020 11:26:42,https://www.watchfinder.es/Panerai/RadiomirManual/PAM00380/42097/item/168410,../data/imgs/WF_panerai/168410_PAM00380_Radiomir Manual.jpeg
13,152755,Luminor Power Reserve,PAM00090,5085,7390,2017,Yes,No,Mens,Automatic,44 MM,Steel,Crocodile - Black,Black Baton,100 metres,25/10/2020 11:26:46,https://www.watchfinder.es/Panerai/LuminorPowerReserve/PAM00090/3800/item/152755,../data/imgs/WF_panerai/152755_PAM00090_Luminor Power Reserve.jpeg
14,167557,Radiomir Automatic,PAM00388,5180,7055,2015,Yes,Yes,Mens,Automatic,45 MM,Steel,Alligator - Black,Black Quarter Arabic,100 metres,25/10/2020 11:26:49,https://www.watchfinder.es/Panerai/RadiomirAutomatic/PAM00388/23830/item/167557,../data/imgs/WF_panerai/167557_PAM00388_Radiomir Automatic.jpeg
15,170319,Luminor Marina,PAM01351,7370,7950,2019,Yes,Yes,Mens,Automatic,44 MM,Titanium,Leather - Brown,Brown Quarter Arabic,300 metres,25/10/2020 11:26:52,https://www.watchfinder.es/Panerai/LuminorMarina/PAM01351/37419/item/170319,../data/imgs/WF_panerai/170319_PAM01351_Luminor Marina.jpeg
16,169807,Luminor Marina,PAM00104,5200,6610,2007,Yes,Yes,Mens,Automatic,44 MM,Steel,Rubber - Black,Black Baton,300 metres,25/10/2020 11:26:55,https://www.watchfinder.es/Panerai/LuminorMarina/PAM00104/36108/item/169807,../data/imgs/WF_panerai/169807_PAM00104_Luminor Marina.jpeg
17,166107,Radiomir 1940 3 Days,PAM00658,8630,11200,2017,Yes,Yes,Mens,Automatic,45 MM,Steel,Leather - Brown,Black Quarter Arabic,100 metres,25/10/2020 11:26:59,https://www.watchfinder.es/Panerai/Radiomir19403Days/PAM00658/32915/item/166107,../data/imgs/WF_panerai/166107_PAM00658_Radiomir 1940 3 Days.jpeg
18,171109,Luminor Marina,PAM00977,7225,,2020,Yes,Yes,Mens,Automatic,42 MM,Steel,Steel,Silver,100 metres,25/10/2020 11:27:02,https://www.watchfinder.es/Panerai/LuminorMarina/PAM00977/41462/item/171109,../data/imgs/WF_panerai/171109_PAM00977_Luminor Marina.jpeg
19,167255,Luminor Submersible,PAM00024,4650,6830,2020,No,No,Mens,Automatic,44 MM,Steel,Rubber - Black,Black Baton,300 metres,25/10/2020 11:27:05,https://www.watchfinder.es/Panerai/LuminorSubmersible/PAM00024/6305/item/167255,../data/imgs/WF_panerai/167255_PAM00024_Luminor Submersible.jpeg
20,169473,Luminor Marina,PAM00510,5010,6270,2015,Yes,Yes,Mens,Manual,44 MM,Steel,Rubber - Black,Black Quarter Arabic,300 metres,25/10/2020 11:27:08,https://www.watchfinder.es/Panerai/LuminorMarina/PAM00510/37956/item/169473,../data/imgs/WF_panerai/169473_PAM00510_Luminor Marina.jpeg
21,169706,Radiomir 8 days,PAM00346,6665,,2011,Yes,Yes,Mens,Manual,45 MM,Titanium,Alligator - Brown,Brown Quarter Arabic,100 metres,25/10/2020 11:27:11,https://www.watchfinder.es/Panerai/Radiomir8days/PAM00346/23822/item/169706,../data/imgs/WF_panerai/169706_PAM00346_Radiomir 8 days.jpeg
22,170061,Luminor Marina,PAM00104,5880,6610,2017,Yes,Yes,Mens,Automatic,44 MM,Steel,Leather - Black,Black Baton,300 metres,25/10/2020 11:27:15,https://www.watchfinder.es/Panerai/LuminorMarina/PAM00104/36108/item/170061,../data/imgs/WF_panerai/170061_PAM00104_Luminor Marina.jpeg
23,170058,Luminor Submersible,PAM01389,9465,11310,2018,Yes,Yes,Mens,Automatic,47 MM,Titanium,Rubber - Black,Black,300 metres,25/10/2020 11:27:18,https://www.watchfinder.es/Panerai/LuminorSubmersible/PAM01389/36091/item/170058,../data/imgs/WF_panerai/170058_PAM01389_Luminor Submersible.jpeg
24,168157,Luminor Submersible,PAM00025,5210,,2003,Yes,Yes,Mens,Automatic,44 MM,Titanium,Rubber - Black,Black,300 metres,25/10/2020 11:27:21,https://www.watchfinder.es/Panerai/LuminorSubmersible/PAM00025/6306/item/168157,../data/imgs/WF_panerai/168157_PAM00025_Luminor Submersible.jpeg
25,169828,Luminor Marina,PAM00510,5040,6270,2015,Yes,Yes,Mens,Manual,44 MM,Steel,Leather - Black,Black Quarter Arabic,300 metres,25/10/2020 11:27:24,https://www.watchfinder.es/Panerai/LuminorMarina/PAM00510/25994/item/169828,../data/imgs/WF_panerai/169828_PAM00510_Luminor Marina.jpeg
26,137627,Radiomir Manual,PAM00183,4230,5040,2005,Yes,Yes,Mens,Manual,45 MM,Steel,Leather - Brown,Black Quarter Arabic,100 metres,25/10/2020 11:27:27,https://www.watchfinder.es/Panerai/RadiomirManual/PAM00183/3778/item/137627,../data/imgs/WF_panerai/137627_PAM00183_Radiomir Manual.jpeg
27,153974,Radiomir Manual,PAM00183,4230,5040,2007,Yes,Yes,Mens,Manual,45 MM,Steel,Leather - Brown,Black Quarter Arabic,100 metres,25/10/2020 11:27:30,https://www.watchfinder.es/Panerai/RadiomirManual/PAM00183/3778/item/153974,../data/imgs/WF_panerai/153974_PAM00183_Radiomir Manual.jpeg
28,169501,Luminor Power Reserve,PAM00090,6050,7390,2014,Yes,Yes,Mens,Automatic,44 MM,Steel,Rubber - Black,Black Baton,100 metres,25/10/2020 11:27:34,https://www.watchfinder.es/Panerai/LuminorPowerReserve/PAM00090/35595/item/169501,../data/imgs/WF_panerai/169501_PAM00090_Luminor Power Reserve.jpeg
29,167498,Luminor Base,PAM00112,4310,,2009,Yes,Yes,Mens,Manual,44 MM,Steel,Rubber - Black,Black Quarter Arabic,300 metres,25/10/2020 11:27:37,https://www.watchfinder.es/Panerai/LuminorBase/PAM00112/38620/item/167498,../data/imgs/WF_panerai/167498_PAM00112_Luminor Base.jpeg
30,166086,Radiomir 1940 3 Days,PAM00573,13945,21390,2015,Yes,Yes,Mens,Automatic,45 MM,Rose Gold,Alligator - Brown,Brown Arabic,50 metres,25/10/2020 11:27:40,https://www.watchfinder.es/Panerai/Radiomir19403Days/PAM00573/33116/item/166086,../data/imgs/WF_panerai/166086_PAM00573_Radiomir 1940 3 Days.jpeg
31,166096,Radiomir 1940,PAM00627,8120,11090,2016,Yes,Yes,Mens,Automatic,45 MM,Steel,Leather - Black,Black Quarter Arabic,100 metres,25/10/2020 11:27:43,https://www.watchfinder.es/Panerai/Radiomir1940/PAM00627/32067/item/166096,../data/imgs/WF_panerai/166096_PAM00627_Radiomir 1940.jpeg
32,166085,Radiomir 10 Days GMT,PAM00323,7785,11425,2013,Yes,Yes,Mens,Automatic,47 MM,Steel,Leather - Tan,Black Baton,100 metres,25/10/2020 11:27:47,https://www.watchfinder.es/Panerai/Radiomir10DaysGMT/PAM00323/47668/item/166085,../data/imgs/WF_panerai/166085_PAM00323_Radiomir 10 Days GMT.jpeg
33,166091,Radiomir 8 days,PAM00346,7225,,2013,Yes,Yes,Mens,Manual,45 MM,Titanium,Alligator - Brown,Brown Quarter Arabic,100 metres,25/10/2020 11:27:50,https://www.watchfinder.es/Panerai/Radiomir8days/PAM00346/23822/item/166091,../data/imgs/WF_panerai/166091_PAM00346_Radiomir 8 days.jpeg
34,163713,Luminor 8 Days,PAM00590,4760,6495,2018,Yes,Yes,Mens,Manual,44 MM,Steel,Rubber - Black,Black Baton,300 metres,25/10/2020 11:27:53,https://www.watchfinder.es/Panerai/Luminor8Days/PAM00590/48270/item/163713,../data/imgs/WF_panerai/163713_PAM00590_Luminor 8 Days.jpeg
35,157329,Radiomir Manual,PAM00421,13050,17920,2015,Yes,Yes,Mens,Manual,47 MM,Red Gold,Alligator - Brown,Brown Baton,50 metres,25/10/2020 11:27:57,https://www.watchfinder.es/Panerai/RadiomirManual/PAM00421/23837/item/157329,../data/imgs/WF_panerai/157329_PAM00421_Radiomir Manual.jpeg
36,167928,Luminor Marina,PAM00217,11145,,2005,Yes,Yes,Mens,Manual,47 MM,Steel,Leather - Brown,Black Quarter Arabic,100 metres,25/10/2020 11:28:00,https://www.watchfinder.es/Panerai/LuminorMarina/PAM00217/31405/item/167928,../data/imgs/WF_panerai/167928_PAM00217_Luminor Marina.jpeg
37,166106,Luminor 1950,PAM00396,67145,109535,2013,Yes,Yes,Mens,Automatic,48 MM,Ceramic - Black,Leather - Brown,Black Baton,100 metres,25/10/2020 11:28:03,https://www.watchfinder.es/Panerai/Luminor1950/PAM00396/23836/item/166106,../data/imgs/WF_panerai/166106_PAM00396_Luminor 1950.jpeg
38,163319,Luminor Marina,PAM00608,6105,,2015,Yes,Yes,Mens,Automatic,44 MM,Steel,Calf - Brown,Brown,300 metres,25/10/2020 11:28:06,https://www.watchfinder.es/Panerai/LuminorMarina/PAM00608/41436/item/163319,../data/imgs/WF_panerai/163319_PAM00608_Luminor Marina.jpeg
39,164451,Luminor Submersible,PAM00616,12600,16465,2015,Yes,Yes,Mens,Automatic,47 MM,Carbon Fiber,Rubber - Black,Black Baton,300 metres,25/10/2020 11:28:10,https://www.watchfinder.es/Panerai/LuminorSubmersible/PAM00616/32256/item/164451,../data/imgs/WF_panerai/164451_PAM00616_Luminor Submersible.jpeg
40,167027,Radiomir Manual,PAM00932,10025,8625,2018,Yes,Yes,Mens,Manual,47 MM,Steel,Alligator - Blue,Blue Quarter Arabic,100 metres,25/10/2020 11:28:13,https://www.watchfinder.es/Panerai/RadiomirManual/PAM00932/47984/item/167027,../data/imgs/WF_panerai/167027_PAM00932_Radiomir Manual.jpeg
41,168844,Manifattura Luminor,PAM00312,5770,,2014,Yes,Yes,Mens,Automatic,44 MM,Steel,Rubber - Black,Black Quarter Arabic,300 metres,25/10/2020 11:28:16,https://www.watchfinder.es/Panerai/ManifatturaLuminor/PAM00312/36652/item/168844,../data/imgs/WF_panerai/168844_PAM00312_Manifattura Luminor.jpeg
42,155007,Radiomir Manual,PAM00292,5070,6945,2011,Yes,Yes,Mens,Manual,45 MM,Ceramic - Black,Leather - Black,Black Quarter Arabic,100 metres,25/10/2020 11:28:20,https://www.watchfinder.es/Panerai/RadiomirManual/PAM00292/6299/item/155007,../data/imgs/WF_panerai/155007_PAM00292_Radiomir Manual.jpeg
43,169552,Luminor Submersible,PAM00719,10360,9970,2017,Yes,Yes,Mens,Automatic,47 MM,Titanium,Rubber - Black,Blue,300 metres,25/10/2020 11:28:23,https://www.watchfinder.es/Panerai/LuminorSubmersible/PAM00719/32904/item/169552,../data/imgs/WF_panerai/169552_PAM00719_Luminor Submersible.jpeg
44,104936,Manifattura Radiomir,PAM00268,6665,,2008,No,Yes,Mens,Manual,45 MM,Steel,Alligator - Black,Black Baton,100 metres,25/10/2020 11:28:27,https://www.watchfinder.es/Panerai/ManifatturaRadiomir/PAM00268/6323/item/104936,../data/imgs/WF_panerai/104936_PAM00268_Manifattura Radiomir.jpeg
45,129236,Radiomir Manual,PAM00183,4285,5040,2007,Yes,Yes,Mens,Manual,45 MM,Steel,Leather - Brown,Black Quarter Arabic,100 metres,25/10/2020 11:28:30,https://www.watchfinder.es/Panerai/RadiomirManual/PAM00183/3778/item/129236,../data/imgs/WF_panerai/129236_PAM00183_Radiomir Manual.jpeg
46,166172,Luminor 1950,PAM00372,6440,8625,2011,Yes,Yes,Mens,Manual,47 MM,Steel,Leather - Brown,Black Quarter Arabic,100 metres,25/10/2020 11:28:33,https://www.watchfinder.es/Panerai/Luminor1950/PAM00372/23136/item/166172,../data/imgs/WF_panerai/166172_PAM00372_Luminor 1950.jpeg
47,136903,Radiomir Automatic,PAM00214,7000,,2008,Yes,Yes,Mens,Automatic,45 MM,Steel,Crocodile - Brown,Black Baton,100 metres,25/10/2020 11:28:37,https://www.watchfinder.es/Panerai/RadiomirAutomatic/PAM00214/6319/item/136903,../data/imgs/WF_panerai/136903_PAM00214_Radiomir Automatic.jpeg
48,149585,Luminor Submersible,PAM00671,23240,,2017,Yes,Yes,Mens,Automatic,47 MM,Bronze,Leather - Brown,Blue,300 metres,25/10/2020 11:28:40,https://www.watchfinder.es/Panerai/LuminorSubmersible/PAM00671/33087/item/149585,../data/imgs/WF_panerai/149585_PAM00671_Luminor Submersible.jpeg
49,167065,Radiomir 8 days,PAM00609,4620,5710,2017,Yes,Yes,Mens,Manual,45 MM,Steel,Alligator - Black,Black Quarter Arabic,100 metres,25/10/2020 11:28:43,https://www.watchfinder.es/Panerai/Radiomir8days/PAM00609/47850/item/167065,../data/imgs/WF_panerai/167065_PAM00609_Radiomir 8 days.jpeg
50,151705,Radiomir Manual,PAM00292,4930,6945,2009,Yes,Yes,Mens,Manual,45 MM,Ceramic - Black,Leather - Black,Black Quarter Arabic,100 metres,25/10/2020 11:28:46,https://www.watchfinder.es/Panerai/RadiomirManual/PAM00292/6299/item/151705,../data/imgs/WF_panerai/151705_PAM00292_Radiomir Manual.jpeg
51,165500,Radiomir California 3 Days,PAM00424,5210,7615,2016,Yes,Yes,Mens,Manual,47 MM,Steel,Leather - Brown,Black,100 metres,25/10/2020 11:28:50,https://www.watchfinder.es/Panerai/RadiomirCalifornia3Days/PAM00424/23436/item/165500,../data/imgs/WF_panerai/165500_PAM00424_Radiomir California 3 Days.jpeg
52,161440,Radiomir 8 days,PAM00609,4620,5710,2017,Yes,Yes,Mens,Manual,45 MM,Steel,Leather - Brown,Black Quarter Arabic,100 metres,25/10/2020 11:28:53,https://www.watchfinder.es/Panerai/Radiomir8days/PAM00609/28565/item/161440,../data/imgs/WF_panerai/161440_PAM00609_Radiomir 8 days.jpeg
53,143908,Radiomir Automatic,PAM00288,5490,,2008,Yes,Yes,Mens,Automatic,45 MM,Steel,Crocodile - Black,Black Baton,100 metres,25/10/2020 11:28:56,https://www.watchfinder.es/Panerai/RadiomirAutomatic/PAM00288/6321/item/143908,../data/imgs/WF_panerai/143908_PAM00288_Radiomir Automatic.jpeg
54,149729,Radiomir Manual,PAM00183,4425,5040,2012,Yes,Yes,Mens,Manual,45 MM,Steel,Calf - Brown,Black Quarter Arabic,100 metres,25/10/2020 11:28:59,https://www.watchfinder.es/Panerai/RadiomirManual/PAM00183/3778/item/149729,../data/imgs/WF_panerai/149729_PAM00183_Radiomir Manual.jpeg
55,159351,Manifattura Luminor,PAM00312,5770,6830,2011,No,Yes,Mens,Automatic,44 MM,Steel,Crocodile - Black,Black Quarter Arabic,300 metres,25/10/2020 11:29:03,https://www.watchfinder.es/Panerai/ManifatturaLuminor/PAM00312/15183/item/159351,../data/imgs/WF_panerai/159351_PAM00312_Manifattura Luminor.jpeg
56,159017,Radiomir 1940 3 Days,PAM00662,7560,10640,2016,Yes,Yes,Mens,Manual,47 MM,Steel,Leather - Brown,Brown Arabic,100 metres,25/10/2020 11:29:06,https://www.watchfinder.es/Panerai/Radiomir19403Days/PAM00662/33117/item/159017,../data/imgs/WF_panerai/159017_PAM00662_Radiomir 1940 3 Days.jpeg
57,165547,Luminor Submersible,PAM01024,5320,6830,2016,Yes,No,Mens,Automatic,44 MM,Steel,Rubber - Black,Black Baton,300 metres,25/10/2020 11:29:09,https://www.watchfinder.es/Panerai/LuminorSubmersible/PAM01024/34496/item/165547,../data/imgs/WF_panerai/165547_PAM01024_Luminor Submersible.jpeg
58,167005,Luminor Marina,PAM00022,7450,,2000,Yes,Yes,Mens,Manual,44 MM,Steel,Calf - Black,Black Quarter Arabic,300 metres,25/10/2020 11:29:13,https://www.watchfinder.es/Panerai/LuminorMarina/PAM00022/47865/item/167005,../data/imgs/WF_panerai/167005_PAM00022_Luminor Marina.jpeg
59,169088,Luminor Submersible,PAM01389,9465,11310,2018,Yes,Yes,Mens,Automatic,47 MM,Titanium,Leather - Black,Black,300 metres,25/10/2020 11:29:16,https://www.watchfinder.es/Panerai/LuminorSubmersible/PAM01389/48177/item/169088,../data/imgs/WF_panerai/169088_PAM01389_Luminor Submersible.jpeg
60,162889,Radiomir 10 Days GMT,PAM00323,7785,11425,2019,Yes,Yes,Mens,Automatic,47 MM,Steel,Alligator - Brown,Black Baton,100 metres,25/10/2020 11:29:20,https://www.watchfinder.es/Panerai/Radiomir10DaysGMT/PAM00323/35434/item/162889,../data/imgs/WF_panerai/162889_PAM00323_Radiomir 10 Days GMT.jpeg
61,150093,Radiomir Manual,PAM00754,4310,4705,2019,Yes,Yes,Mens,Manual,45 MM,Steel,Leather - Black,Black Quarter Arabic,100 metres,25/10/2020 11:29:23,https://www.watchfinder.es/Panerai/RadiomirManual/PAM00754/41910/item/150093,../data/imgs/WF_panerai/150093_PAM00754_Radiomir Manual.jpeg
62,169007,Luminor Submersible,PAM01389,9465,11310,2018,Yes,Yes,Mens,Automatic,47 MM,Titanium,Leather - Black,Black,300 metres,25/10/2020 11:29:26,https://www.watchfinder.es/Panerai/LuminorSubmersible/PAM01389/48177/item/169007,../data/imgs/WF_panerai/169007_PAM01389_Luminor Submersible.jpeg
63,167868,Luminor Base,PAM00219,4760,5600,2006,Yes,Yes,Mens,Manual,44 MM,Steel,Rubber - Black,Black Quarter Arabic,300 metres,25/10/2020 11:29:30,https://www.watchfinder.es/Panerai/LuminorBase/PAM00219/48002/item/167868,../data/imgs/WF_panerai/167868_PAM00219_Luminor Base.jpeg
64,167256,Luminor Submersible,PAM00305,7110,8290,2013,Yes,Yes,Mens,Automatic,47 MM,Titanium,Rubber - Black,Black Baton,300 metres,25/10/2020 11:29:33,https://www.watchfinder.es/Panerai/LuminorSubmersible/PAM00305/15185/item/167256,../data/imgs/WF_panerai/167256_PAM00305_Luminor Submersible.jpeg
65,164568,Manifattura Luminor,PAM00289,18170,23745,2011,Yes,Yes,Mens,Manual,44 MM,Pink Gold,Crocodile - Black,Brown Baton,100 metres,25/10/2020 11:29:36,https://www.watchfinder.es/Panerai/ManifatturaLuminor/PAM00289/36594/item/164568,../data/imgs/WF_panerai/164568_PAM00289_Manifattura Luminor.jpeg
66,154692,Luminor Marina,PAM00510,5320,6270,2017,Yes,Yes,Mens,Manual,44 MM,Steel,Rubber - Black,Black Quarter Arabic,300 metres,25/10/2020 11:29:40,https://www.watchfinder.es/Panerai/LuminorMarina/PAM00510/37956/item/154692,../data/imgs/WF_panerai/154692_PAM00510_Luminor Marina.jpeg
67,157217,Luminor Base,PAM00560,4955,6050,2016,Yes,Yes,Mens,Manual,44 MM,Steel,Leather - Black,Black,300 metres,25/10/2020 11:29:43,https://www.watchfinder.es/Panerai/LuminorBase/PAM00560/26553/item/157217,../data/imgs/WF_panerai/157217_PAM00560_Luminor Base.jpeg
68,169438,Luminor Power Reserve,PAM00090,5850,7390,2006,Yes,Yes,Mens,Automatic,44 MM,Steel,Rubber - Black,Black Baton,100 metres,25/10/2020 11:29:46,https://www.watchfinder.es/Panerai/LuminorPowerReserve/PAM00090/35595/item/169438,../data/imgs/WF_panerai/169438_PAM00090_Luminor Power Reserve.jpeg
69,154956,Luminor Marina,PAM00438,10025,13665,2015,Yes,Yes,Mens,Automatic,44 MM,Ceramic - Black,Ceramic - Black,Black Arabic,100 metres,25/10/2020 11:29:49,https://www.watchfinder.es/Panerai/LuminorMarina/PAM00438/23840/item/154956,../data/imgs/WF_panerai/154956_PAM00438_Luminor Marina.jpeg
70,152315,Radiomir Manual,PAM00512,5935,,2014,Yes,Yes,Mens,Manual,42 MM,Steel,Crocodile - Brown,Black Quarter Arabic,100 metres,25/10/2020 11:29:53,https://www.watchfinder.es/Panerai/RadiomirManual/PAM00512/23850/item/152315,../data/imgs/WF_panerai/152315_PAM00512_Radiomir Manual.jpeg
71,168896,Luminor Submersible,PAM01305,8120,9295,2019,Yes,Yes,Mens,Automatic,47 MM,Titanium,Rubber - Black,Black,300 metres,25/10/2020 11:29:56,https://www.watchfinder.es/Panerai/LuminorSubmersible/PAM01305/35102/item/168896,../data/imgs/WF_panerai/168896_PAM01305_Luminor Submersible.jpeg
72,157185,Luminor Submersible,PAM00684,20665,25310,2018,Yes,Yes,Mens,Automatic,42 MM,Rose Gold,Crocodile - Black,Black Baton,100 metres,25/10/2020 11:29:59,https://www.watchfinder.es/Panerai/LuminorSubmersible/PAM00684/34168/item/157185,../data/imgs/WF_panerai/157185_PAM00684_Luminor Submersible.jpeg
73,161219,Radiomir 1940,PAM00655,6665,9410,2018,Yes,No,Mens,Automatic,42 MM,Steel,Leather - Brown,White Arabic,100 metres,25/10/2020 11:30:03,https://www.watchfinder.es/Panerai/Radiomir1940/PAM00655/30594/item/161219,../data/imgs/WF_panerai/161219_PAM00655_Radiomir 1940.jpeg
74,161411,Submersible,PAM01616,14505,17470,2019,Yes,Yes,Mens,Automatic,47 MM,Carbon,Rubber - Black,Black,300 metres,25/10/2020 11:30:06,https://www.watchfinder.es/Panerai/Submersible/PAM01616/40277/item/161411,../data/imgs/WF_panerai/161411_PAM01616_Submersible.jpeg
75,164383,Luminor Submersible,PAM00692,11145,12880,2019,Yes,Yes,Mens,Automatic,47 MM,BMG-TECH,Rubber - Black,Blue,300 metres,25/10/2020 11:30:10,https://www.watchfinder.es/Panerai/LuminorSubmersible/PAM00692/34614/item/164383,../data/imgs/WF_panerai/164383_PAM00692_Luminor Submersible.jpeg
76,165424,Manifattura Radiomir,PAM00268,6330,,2009,Yes,Yes,Mens,Manual,45 MM,Steel,Crocodile - Black,Black Baton,100 metres,25/10/2020 11:30:14,https://www.watchfinder.es/Panerai/ManifatturaRadiomir/PAM00268/6323/item/165424,../data/imgs/WF_panerai/165424_PAM00268_Manifattura Radiomir.jpeg
77,168163,Manifattura Luminor,PAM00270,8905,12095,2012,Yes,Yes,Mens,Automatic,44 MM,Steel,Rubber - Black,Black Quarter Arabic,100 metres,25/10/2020 11:30:17,https://www.watchfinder.es/Panerai/ManifatturaLuminor/PAM00270/37809/item/168163,../data/imgs/WF_panerai/168163_PAM00270_Manifattura Luminor.jpeg
78,167915,Luminor Due,PAM00906,5880,6160,2018,Yes,Yes,Mens,Automatic,42 MM,Steel,Crocodile - Black,White Arabic,30 metres,25/10/2020 11:30:21,https://www.watchfinder.es/Panerai/LuminorDue/PAM00906/48031/item/167915,../data/imgs/WF_panerai/167915_PAM00906_Luminor Due.jpeg
79,155483,Luminor Marina,PAM00438,9690,13665,2013,Yes,Yes,Mens,Automatic,44 MM,Ceramic - Black,Ceramic - Black,Black Arabic,100 metres,25/10/2020 11:30:24,https://www.watchfinder.es/Panerai/LuminorMarina/PAM00438/23840/item/155483,../data/imgs/WF_panerai/155483_PAM00438_Luminor Marina.jpeg
80,162911,Luminor Marina,PAM00392,5320,,2013,Yes,Yes,Mens,Automatic,42 MM,Steel,Alligator - Black,Black Baton,100 metres,25/10/2020 11:30:27,https://www.watchfinder.es/Panerai/LuminorMarina/PAM00392/23833/item/162911,../data/imgs/WF_panerai/162911_PAM00392_Luminor Marina.jpeg
81,144484,Luminor Marina,PAM00359,5515,,2013,Yes,Yes,Mens,Automatic,44 MM,Steel,Leather - Black,Black Arabic,300 metres,25/10/2020 11:30:30,https://www.watchfinder.es/Panerai/LuminorMarina/PAM00359/36399/item/144484,../data/imgs/WF_panerai/144484_PAM00359_Luminor Marina.jpeg
82,166215,Luminor Marina,PAM00359,5570,,2014,Yes,Yes,Mens,Automatic,44 MM,Steel,Rubber - Black,Black Arabic,300 metres,25/10/2020 11:30:34,https://www.watchfinder.es/Panerai/LuminorMarina/PAM00359/36399/item/166215,../data/imgs/WF_panerai/166215_PAM00359_Luminor Marina.jpeg
83,168252,Luminor Marina,PAM00279,5825,,2008,Yes,Yes,Mens,Automatic,44 MM,Titanium,Titanium,Black Baton,300 metres,25/10/2020 11:30:37,https://www.watchfinder.es/Panerai/LuminorMarina/PAM00279/6302/item/168252,../data/imgs/WF_panerai/168252_PAM00279_Luminor Marina.jpeg
84,157530,Luminor Marina,PAM00164,5210,,2006,Yes,Yes,Mens,Automatic,44 MM,Steel,Rubber - Black,Black Arabic,300 metres,25/10/2020 11:30:40,https://www.watchfinder.es/Panerai/LuminorMarina/PAM00164/36647/item/157530,../data/imgs/WF_panerai/157530_PAM00164_Luminor Marina.jpeg
85,159627,Luminor Marina,PAM00022,6550,,1999,Yes,Yes,Mens,Manual,44 MM,Steel,Rubber - Black,Black Quarter Arabic,300 metres,25/10/2020 11:30:43,https://www.watchfinder.es/Panerai/LuminorMarina/PAM00022/44721/item/159627,../data/imgs/WF_panerai/159627_PAM00022_Luminor Marina.jpeg
86,147906,Luminor GMT,PAM00535,6665,8290,2015,Yes,Yes,Mens,Automatic,42 MM,Steel,Alligator - Brown,Black Baton,100 metres,25/10/2020 11:30:47,https://www.watchfinder.es/Panerai/LuminorGMT/PAM00535/38953/item/147906,../data/imgs/WF_panerai/147906_PAM00535_Luminor GMT.jpeg
87,148565,Luminor GMT,PAM00088,5740,,2002,Yes,Yes,Mens,Automatic,44 MM,Steel,Rubber - Black,Black Baton,300 metres,25/10/2020 11:30:50,https://www.watchfinder.es/Panerai/LuminorGMT/PAM00088/35789/item/148565,../data/imgs/WF_panerai/148565_PAM00088_Luminor GMT.jpeg
88,164740,Luminor Chrono,PAM00122,6440,,2004,Yes,Yes,Mens,Automatic,40 MM,Steel & Titanium,Steel & Titanium,Grey Arabic,200 metres,25/10/2020 11:30:53,https://www.watchfinder.es/Panerai/LuminorChrono/PAM00122/32505/item/164740,../data/imgs/WF_panerai/164740_PAM00122_Luminor Chrono.jpeg
89,161205,Luminor 8 Days,PAM00786,14280,19490,2016,Yes,Yes,Mens,Automatic,44 MM,Steel,Alligator - Blue,White Quarter Arabic,300 metres,25/10/2020 11:30:56,https://www.watchfinder.es/Panerai/Luminor8Days/PAM00786/33317/item/161205,../data/imgs/WF_panerai/161205_PAM00786_Luminor 8 Days.jpeg
90,116524,Luminor 8 Days,PAM00786,14280,19490,2018,Yes,Yes,Mens,Automatic,44 MM,Steel,Alligator - Blue,White Quarter Arabic,0,25/10/2020 11:31:00,https://www.watchfinder.es/Panerai/Luminor8Days/PAM00786/33317/item/116524,../data/imgs/WF_panerai/116524_PAM00786_Luminor 8 Days.jpeg
91,163355,Luminor 8 Days,PAM00233,9325,,2008,Yes,Yes,Mens,Manual,44 MM,Steel,Rubber - Black,Black Baton,100 metres,25/10/2020 11:31:03,https://www.watchfinder.es/Panerai/Luminor8Days/PAM00233/37275/item/163355,../data/imgs/WF_panerai/163355_PAM00233_Luminor 8 Days.jpeg
92,145967,Luminor 8 Days,PAM00233,7505,11145,2007,Yes,Yes,Mens,Manual,44 MM,Steel,Leather - Black,Black Baton,100 metres,25/10/2020 11:31:07,https://www.watchfinder.es/Panerai/Luminor8Days/PAM00233/6322/item/145967,../data/imgs/WF_panerai/145967_PAM00233_Luminor 8 Days.jpeg
93,165018,Luminor 8 Days,PAM00233,8290,,2009,Yes,Yes,Mens,Manual,44 MM,Steel,Leather - Black,Black Baton,100 metres,25/10/2020 11:31:10,https://www.watchfinder.es/Panerai/Luminor8Days/PAM00233/6322/item/165018,../data/imgs/WF_panerai/165018_PAM00233_Luminor 8 Days.jpeg
94,156964,Luminor 8 Days,PAM00233,8345,,2013,Yes,Yes,Mens,Manual,44 MM,Steel,Leather - Black,Black Baton,100 metres,25/10/2020 11:31:14,https://www.watchfinder.es/Panerai/Luminor8Days/PAM00233/6322/item/156964,../data/imgs/WF_panerai/156964_PAM00233_Luminor 8 Days.jpeg
95,162429,Luminor 8 Days,PAM00233,8400,,2015,Yes,Yes,Mens,Manual,44 MM,Steel,Leather - Black,Black Baton,100 metres,25/10/2020 11:31:17,https://www.watchfinder.es/Panerai/Luminor8Days/PAM00233/6322/item/162429,../data/imgs/WF_panerai/162429_PAM00233_Luminor 8 Days.jpeg
96,144049,Luminor GMT,PAM01535,7085,8290,2018,No,Yes,Mens,Automatic,42 MM,Steel,Calf - Black,Black Baton,100 metres,25/10/2020 11:31:20,https://www.watchfinder.es/Panerai/LuminorGMT/PAM01535/36350/item/144049,../data/imgs/WF_panerai/144049_PAM01535_Luminor GMT.jpeg
97,150720,Luminor 1950,PAM00441,9410,10750,2015,Yes,Yes,Mens,Automatic,44 MM,Ceramic - Black,Calf - Brown,Black Arabic,100 metres,25/10/2020 11:31:23,https://www.watchfinder.es/Panerai/Luminor1950/PAM00441/23842/item/150720,../data/imgs/WF_panerai/150720_PAM00441_Luminor 1950.jpeg
98,144391,Luminor 1950,PAM00441,9940,10750,2018,Yes,Yes,Mens,Automatic,44 MM,Ceramic - Black,Calf - Brown,Black Arabic,100 metres,25/10/2020 11:31:27,https://www.watchfinder.es/Panerai/Luminor1950/PAM00441/23842/item/144391,../data/imgs/WF_panerai/144391_PAM00441_Luminor 1950.jpeg
99,160443,Luminor Power Reserve,PAM00423,7225,8735,2018,Yes,Yes,Mens,Manual,47 MM,Steel,Leather - Brown,Black Quarter Arabic,100 metres,25/10/2020 11:31:30,https://www.watchfinder.es/Panerai/LuminorPowerReserve/PAM00423/23839/item/160443,../data/imgs/WF_panerai/160443_PAM00423_Luminor Power Reserve.jpeg
100,157984,Luminor 1950,PAM00372,6410,8625,2012,Yes,Yes,Mens,Manual,47 MM,Steel,Leather - Brown,Black Quarter Arabic,100 metres,25/10/2020 11:31:33,https://www.watchfinder.es/Panerai/Luminor1950/PAM00372/23136/item/157984,../data/imgs/WF_panerai/157984_PAM00372_Luminor 1950.jpeg
101,153715,Luminor 1950,PAM00372,6410,8625,2013,Yes,Yes,Mens,Manual,47 MM,Steel,Leather - Brown,Black Quarter Arabic,100 metres,25/10/2020 11:31:36,https://www.watchfinder.es/Panerai/Luminor1950/PAM00372/23136/item/153715,../data/imgs/WF_panerai/153715_PAM00372_Luminor 1950.jpeg
102,155144,Luminor 1950,PAM00372,6410,8625,2014,Yes,Yes,Mens,Manual,47 MM,Steel,Leather - Brown,Black Quarter Arabic,100 metres,25/10/2020 11:31:39,https://www.watchfinder.es/Panerai/Luminor1950/PAM00372/23136/item/155144,../data/imgs/WF_panerai/155144_PAM00372_Luminor 1950.jpeg
103,149625,Luminor 1950,PAM00362,8260,,2011,Yes,Yes,Mens,Automatic,44 MM,Steel,Rubber - Black,Black Baton,100 metres,25/10/2020 11:31:42,https://www.watchfinder.es/Panerai/Luminor1950/PAM00362/23787/item/149625,../data/imgs/WF_panerai/149625_PAM00362_Luminor 1950.jpeg
104,147056,Luminor GMT,PAM00335,11985,15455,2011,Yes,Yes,Mens,Automatic,44 MM,Ceramic - Black,Leather - Black,Black Baton,100 metres,25/10/2020 11:31:45,https://www.watchfinder.es/Panerai/LuminorGMT/PAM00335/23818/item/147056,../data/imgs/WF_panerai/147056_PAM00335_Luminor GMT.jpeg
105,165056,Luminor 1950,PAM00213,7785,10415,2008,Yes,Yes,Mens,Automatic,44 MM,Steel,Leather - Black,Black Baton,100 metres,25/10/2020 11:31:49,https://www.watchfinder.es/Panerai/Luminor1950/PAM00213/6318/item/165056,../data/imgs/WF_panerai/165056_PAM00213_Luminor 1950.jpeg
106,156525,Luminor Marina,PAM01048,5880,6495,2017,Yes,Yes,Mens,Automatic,40 MM,Steel,Leather - Brown,Black,300 metres,25/10/2020 11:31:55,https://www.watchfinder.es/Panerai/LuminorMarina/PAM01048/34554/item/156525,../data/imgs/WF_panerai/156525_PAM01048_Luminor Marina.jpeg
107,151603,Luminor 1950,PAM00213,6665,10415,2017,Yes,No,Mens,Automatic,44 MM,Steel,Crocodile - Brown,Black Baton,100 metres,25/10/2020 11:31:59,https://www.watchfinder.es/Panerai/Luminor1950/PAM00213/6318/item/151603,../data/imgs/WF_panerai/151603_PAM00213_Luminor 1950.jpeg
108,166632,Luminor Submersible,PAM01024,5910,6830,2017,Yes,Yes,Mens,Automatic,44 MM,Steel,Rubber - Black,Black Baton,1000 metres,25/10/2020 11:32:03,https://www.watchfinder.es/Panerai/LuminorSubmersible/PAM01024/34496/item/166632,../data/imgs/WF_panerai/166632_PAM01024_Luminor Submersible.jpeg
109,163502,Luminor Base,PAM00112,3865,,2017,No,No,Mens,Manual,44 MM,Steel,Rubber - Black,Black Quarter Arabic,300 metres,25/10/2020 11:32:06,https://www.watchfinder.es/Panerai/LuminorBase/PAM00112/38620/item/163502,../data/imgs/WF_panerai/163502_PAM00112_Luminor Base.jpeg
110,163762,Luminor 1950,PAM00127,14870,,2003,Yes,Yes,Mens,Automatic,47 MM,Steel,Leather - Brown,Black Quarter Arabic,100 metres,25/10/2020 11:32:10,https://www.watchfinder.es/Panerai/Luminor1950/PAM00127/26240/item/163762,../data/imgs/WF_panerai/163762_PAM00127_Luminor 1950.jpeg
111,165997,Luminor Chrono,PAM00250,5290,,2009,Yes,Yes,Mens,Automatic,44 MM,Steel,Rubber - Black,Black Baton,100 metres,25/10/2020 11:32:13,https://www.watchfinder.es/Panerai/LuminorChrono/PAM00250/36539/item/165997,../data/imgs/WF_panerai/165997_PAM00250_Luminor Chrono.jpeg
112,166186,Royal Navy Clearance Diver,PAM00664,14505,,2016,Yes,Yes,Mens,Automatic,45 MM,Steel,Rubber - Black,Black Baton,300 metres,25/10/2020 11:32:16,https://www.watchfinder.es/Panerai/RoyalNavyClearanceDiver/PAM00664/32130/item/166186,../data/imgs/WF_panerai/166186_PAM00664_Royal Navy Clearance Diver.jpeg
113,168106,Manifattura Luminor,PAM00289,17640,23745,2013,Yes,Yes,Mens,Manual,44 MM,Pink Gold,Leather - Brown,Brown Baton,100 metres,25/10/2020 11:32:19,https://www.watchfinder.es/Panerai/ManifatturaLuminor/PAM00289/48033/item/168106,../data/imgs/WF_panerai/168106_PAM00289_Manifattura Luminor.jpeg
114,142877,Radiomir 1938,PAM00232,6610,,2006,Yes,Yes,Mens,Manual,47 MM,Steel,Leather - Brown,Brown Quarter Arabic,100 metres,25/10/2020 11:32:23,https://www.watchfinder.es/Panerai/Radiomir1938/PAM00232/27975/item/142877,../data/imgs/WF_panerai/142877_PAM00232_Radiomir 1938.jpeg
115,163941,Luminor Marina,PAM00359,5545,,2015,Yes,Yes,Mens,Automatic,44 MM,Steel,Rubber - Black,Black Arabic,300 metres,25/10/2020 11:32:27,https://www.watchfinder.es/Panerai/LuminorMarina/PAM00359/46937/item/163941,../data/imgs/WF_panerai/163941_PAM00359_Luminor Marina.jpeg
116,165099,Radiomir Manual,PAM00575,12180,17135,2016,Yes,Yes,Mens,Automatic,42 MM,Rose Gold,Alligator - Black,Black Quarter Arabic,50 metres,25/10/2020 11:32:30,https://www.watchfinder.es/Panerai/RadiomirManual/PAM00575/35610/item/165099,../data/imgs/WF_panerai/165099_PAM00575_Radiomir Manual.jpeg
117,143998,Manifattura Luminor,PAM00329,6300,8850,2012,Yes,Yes,Mens,Automatic,44 MM,Steel,Steel,Black Quarter Arabic,300 metres,25/10/2020 11:32:33,https://www.watchfinder.es/Panerai/ManifatturaLuminor/PAM00329/15187/item/143998,../data/imgs/WF_panerai/143998_PAM00329_Manifattura Luminor.jpeg
118,160301,Luminor 1950,PAM00441,9995,10750,2018,Yes,Yes,Mens,Automatic,44 MM,Ceramic - Black,Leather - Brown,Black Arabic,100 metres,25/10/2020 11:32:37,https://www.watchfinder.es/Panerai/Luminor1950/PAM00441/23842/item/160301,../data/imgs/WF_panerai/160301_PAM00441_Luminor 1950.jpeg
119,155184,Luminor Marina,PAM00661,7785,11535,2016,Yes,Yes,Mens,Automatic,44 MM,Carbon Fiber,Leather - Brown,Black Quarter Arabic,300 metres,25/10/2020 11:32:40,https://www.watchfinder.es/Panerai/LuminorMarina/PAM00661/34541/item/155184,../data/imgs/WF_panerai/155184_PAM00661_Luminor Marina.jpeg
120,115320,Luminor Marina,PAM00332,10920,11200,2010,Yes,Yes,Mens,Automatic,44 MM,Steel with PVD Coating,Leather - Black,Black Arabic,0,25/10/2020 11:32:43,https://www.watchfinder.es/Panerai/LuminorMarina/PAM00332/14333/item/115320,../data/imgs/WF_panerai/115320_PAM00332_Luminor Marina.jpeg
121,166727,Radiomir 3 Days Acciaio,PAM00721,9465,8625,2018,Yes,Yes,Mens,Manual,47 MM,Steel,Leather - Brown,Black Quarter Arabic,100 metres,25/10/2020 11:32:47,https://www.watchfinder.es/Panerai/Radiomir3DaysAcciaio/PAM00721/36291/item/166727,../data/imgs/WF_panerai/166727_PAM00721_Radiomir 3 Days Acciaio.jpeg
122,167534,Radiomir Automatic,PAM00388,5235,7055,2017,Yes,Yes,Mens,Automatic,45 MM,Steel,Alligator - Black,Black Quarter Arabic,100 metres,25/10/2020 11:32:50,https://www.watchfinder.es/Panerai/RadiomirAutomatic/PAM00388/23830/item/167534,../data/imgs/WF_panerai/167534_PAM00388_Radiomir Automatic.jpeg
123,167780,Luminor Submersible,PAM00615,12125,,2016,Yes,Yes,Mens,Automatic,47 MM,Titanium,Rubber - Black,Black,300 metres,25/10/2020 11:32:53,https://www.watchfinder.es/Panerai/LuminorSubmersible/PAM00615/27693/item/167780,../data/imgs/WF_panerai/167780_PAM00615_Luminor Submersible.jpeg
124,159864,Luminor 1950,PAM00127,14505,,2004,Yes,Yes,Mens,Automatic,39 MM,Steel,Rubber - Black,Black Quarter Arabic,100 metres,25/10/2020 11:32:56,https://www.watchfinder.es/Panerai/Luminor1950/PAM00127/47601/item/159864,../data/imgs/WF_panerai/159864_PAM00127_Luminor 1950.jpeg
125,155523,Luminor Base,PAM00002,4310,,2004,No,No,Mens,Manual,44 MM,Steel,Alligator - Black,Black Quarter Arabic,300 metres,25/10/2020 11:33:00,https://www.watchfinder.es/Panerai/LuminorBase/PAM00002/43293/item/155523,../data/imgs/WF_panerai/155523_PAM00002_Luminor Base.jpeg
126,159267,Luminor 1950,PAM00441,8400,10750,2013,Yes,Yes,Mens,Automatic,44 MM,Ceramic - Black,Leather - Brown,Black Arabic,100 metres,25/10/2020 11:33:03,https://www.watchfinder.es/Panerai/Luminor1950/PAM00441/23842/item/159267,../data/imgs/WF_panerai/159267_PAM00441_Luminor 1950.jpeg
127,159577,Luminor Marina,PAM00359,5545,,2015,Yes,Yes,Mens,Automatic,44 MM,Steel,Leather - Black,Black Arabic,300 metres,25/10/2020 11:33:06,https://www.watchfinder.es/Panerai/LuminorMarina/PAM00359/36399/item/159577,../data/imgs/WF_panerai/159577_PAM00359_Luminor Marina.jpeg
128,161067,Luminor Marina,PAM00359,5545,,2011,Yes,Yes,Mens,Automatic,44 MM,Steel,Alligator - Black,Black Arabic,300 metres,25/10/2020 11:33:09,https://www.watchfinder.es/Panerai/LuminorMarina/PAM00359/42347/item/161067,../data/imgs/WF_panerai/161067_PAM00359_Luminor Marina.jpeg
129,160346,Luminor 1950,PAM00433,10025,13105,2013,Yes,Yes,Mens,Automatic,44 MM,Steel,Crocodile - Brown,Black Arabic,100 metres,25/10/2020 11:33:13,https://www.watchfinder.es/Panerai/Luminor1950/PAM00433/28631/item/160346,../data/imgs/WF_panerai/160346_PAM00433_Luminor 1950.jpeg
130,165319,Luminor 1950,PAM00726,14280,17025,2017,Yes,Yes,Mens,Automatic,47 MM,Titanium,Leather - Black,Black,100 metres,25/10/2020 11:33:16,https://www.watchfinder.es/Panerai/Luminor1950/PAM00726/37211/item/165319,../data/imgs/WF_panerai/165319_PAM00726_Luminor 1950.jpeg
131,165871,Luminor Base,PAM00774,4200,4705,2018,Yes,Yes,Mens,Manual,44 MM,Steel,Rubber - Black,Black Quarter Arabic,100 metres,25/10/2020 11:33:19,https://www.watchfinder.es/Panerai/LuminorBase/PAM00774/45250/item/165871,../data/imgs/WF_panerai/165871_PAM00774_Luminor Base.jpeg
132,147704,Luminor Submersible,PAM00692,10165,,2018,Yes,Yes,Mens,Automatic,47 MM,BMG-TECH,Rubber - Black,Blue,300 metres,25/10/2020 11:33:22,https://www.watchfinder.es/Panerai/LuminorSubmersible/PAM00692/34614/item/147704,../data/imgs/WF_panerai/147704_PAM00692_Luminor Submersible.jpeg
133,165165,Luminor 8 Days,PAM00233,7000,,2018,Yes,No,Mens,Manual,44 MM,Steel,Leather - Black,Black Baton,100 metres,25/10/2020 11:33:26,https://www.watchfinder.es/Panerai/Luminor8Days/PAM00233/6322/item/165165,../data/imgs/WF_panerai/165165_PAM00233_Luminor 8 Days.jpeg
134,165030,Luminor 1950,PAM00653,8905,11650,2018,Yes,Yes,Mens,Automatic,44 MM,Steel,Leather - Brown,Black Arabic,100 metres,25/10/2020 11:33:30,https://www.watchfinder.es/Panerai/Luminor1950/PAM00653/39304/item/165030,../data/imgs/WF_panerai/165030_PAM00653_Luminor 1950.jpeg
135,163890,Luminor Base,PAM00390,5770,4145,2012,Yes,Yes,Mens,Manual,44 MM,Steel,Leather - Brown,Brown Quarter Arabic,100 metres,25/10/2020 11:33:33,https://www.watchfinder.es/Panerai/LuminorBase/PAM00390/30734/item/163890,../data/imgs/WF_panerai/163890_PAM00390_Luminor Base.jpeg
136,164941,Luminor Marina,PAM00563,5545,6270,2016,Yes,Yes,Mens,Automatic,44 MM,Steel,Rubber - Black,White Arabic,300 metres,25/10/2020 11:33:36,https://www.watchfinder.es/Panerai/LuminorMarina/PAM00563/39435/item/164941,../data/imgs/WF_panerai/164941_PAM00563_Luminor Marina.jpeg
137,150800,Radiomir 1940,PAM00516,15120,19040,2015,Yes,Yes,Mens,Automatic,48 MM,Steel,Alligator - Black,Black Quarter Arabic,100 metres,25/10/2020 11:33:39,https://www.watchfinder.es/Panerai/Radiomir1940/PAM00516/33274/item/150800,../data/imgs/WF_panerai/150800_PAM00516_Radiomir 1940.jpeg
138,150624,Luminor Base,PAM00010,4090,,2000,Yes,Yes,Mens,Automatic,44 MM,Steel,Leather - Black,White Arabic,300 metres,25/10/2020 11:33:42,https://www.watchfinder.es/Panerai/LuminorBase/PAM00010/32405/item/150624,../data/imgs/WF_panerai/150624_PAM00010_Luminor Base.jpeg
139,135634,Mare Nostrum,PAM00716,7785,9630,2018,Yes,Yes,Mens,Automatic,42 MM,Steel,Alligator - Blue,Blue Baton,50 metres,25/10/2020 11:33:46,https://www.watchfinder.es/Panerai/MareNostrum/PAM00716/35494/item/135634,../data/imgs/WF_panerai/135634_PAM00716_Mare Nostrum.jpeg
140,157316,Luminor GMT,PAM00335,12265,,2012,Yes,Yes,Mens,Automatic,44 MM,Ceramic - Black,Leather - Brown,Black Baton,100 metres,25/10/2020 11:33:49,https://www.watchfinder.es/Panerai/LuminorGMT/PAM00335/45353/item/157316,../data/imgs/WF_panerai/157316_PAM00335_Luminor GMT.jpeg
141,163844,Luminor 8 Days,PAM00233,7785,,2011,Yes,Yes,Mens,Manual,44 MM,Steel,Rubber - Black,Black Baton,100 metres,25/10/2020 11:33:52,https://www.watchfinder.es/Panerai/Luminor8Days/PAM00233/37275/item/163844,../data/imgs/WF_panerai/163844_PAM00233_Luminor 8 Days.jpeg
142,164513,Luminor 1950,PAM01021,10025,11650,2019,Yes,Yes,Mens,Automatic,44 MM,Titanium,Fabric - Blue,Blue Quarter Arabic,300 metres,25/10/2020 11:33:56,https://www.watchfinder.es/Panerai/Luminor1950/PAM01021/43909/item/164513,../data/imgs/WF_panerai/164513_PAM01021_Luminor 1950.jpeg
143,158979,Radiomir Automatic,PAM00288,5545,,2007,Yes,Yes,Mens,Automatic,45 MM,Steel,Crocodile - Brown,Black Baton,100 metres,25/10/2020 11:33:59,https://www.watchfinder.es/Panerai/RadiomirAutomatic/PAM00288/47345/item/158979,../data/imgs/WF_panerai/158979_PAM00288_Radiomir Automatic.jpeg
144,/85902,Luminor Pangaea,PAM00307,8905,12655,2009,Yes,Yes,Mens,Automatic,47 MM,Steel & Titanium,Rubber - Black,Blue Baton,120 metres,25/10/2020 11:34:05,https://www.watchfinder.es/Panerai/LuminorPangaea/PAM00307/9920/item/85902,../data/imgs/WF_panerai//85902_PAM00307_Luminor Pangaea.jpeg
145,160644,Manifattura Luminor,PAM00328,5880,,2011,Yes,Yes,Mens,Automatic,44 MM,Steel,Leather - Brown,Black Quarter Arabic,300 metres,25/10/2020 11:34:09,https://www.watchfinder.es/Panerai/ManifatturaLuminor/PAM00328/38027/item/160644,../data/imgs/WF_panerai/160644_PAM00328_Manifattura Luminor.jpeg
146,153617,Radiomir 8 days,PAM00200,13385,,2006,Yes,Yes,Mens,Automatic,45 MM,White Gold,Alligator - Black,Black,100 metres,25/10/2020 11:34:12,https://www.watchfinder.es/Panerai/Radiomir8days/PAM00200/33125/item/153617,../data/imgs/WF_panerai/153617_PAM00200_Radiomir 8 days.jpeg
147,161702,Radiomir 1940 3 Days,PAM00658,6665,11200,2006,No,No,Mens,Automatic,45 MM,Steel,Leather - Brown,Black Quarter Arabic,100 metres,25/10/2020 11:34:16,https://www.watchfinder.es/Panerai/Radiomir19403Days/PAM00658/32915/item/161702,../data/imgs/WF_panerai/161702_PAM00658_Radiomir 1940 3 Days.jpeg
148,160567,Radiomir California 3 Days,PAM00424,4985,,2014,Yes,Yes,Mens,Manual,47 MM,Steel,Leather - Brown,Black,100 metres,25/10/2020 11:34:19,https://www.watchfinder.es/Panerai/RadiomirCalifornia3Days/PAM00424/23436/item/160567,../data/imgs/WF_panerai/160567_PAM00424_Radiomir California 3 Days.jpeg
149,162850,Luminor Submersible,PAM00389,8120,10415,2015,Yes,Yes,Mens,Automatic,47 MM,Titanium,Rubber - Black,Black Baton,300 metres,25/10/2020 11:34:22,https://www.watchfinder.es/Panerai/LuminorSubmersible/PAM00389/23831/item/162850,../data/imgs/WF_panerai/162850_PAM00389_Luminor Submersible.jpeg
150,154281,Radiomir Manual,PAM00504,6665,8960,2013,Yes,Yes,Mens,Manual,47 MM,Ceramic - Brown,Leather - Brown,Brown Quarter Arabic,100 metres,25/10/2020 11:34:26,https://www.watchfinder.es/Panerai/RadiomirManual/PAM00504/23846/item/154281,../data/imgs/WF_panerai/154281_PAM00504_Radiomir Manual.jpeg
151,157291,Luminor GMT,PAM00335,10025,,2013,No,No,Mens,Automatic,44 MM,Ceramic - Black,Leather - Brown,Black Baton,100 metres,25/10/2020 11:34:29,https://www.watchfinder.es/Panerai/LuminorGMT/PAM00335/45353/item/157291,../data/imgs/WF_panerai/157291_PAM00335_Luminor GMT.jpeg
152,107581,Radiomir Manual,PAM00309,19320,,2008,Yes,Yes,Mens,Manual,47 MM,Titanium,Alligator - Black,Black Quarter Arabic,0,25/10/2020 11:34:32,https://www.watchfinder.es/Panerai/RadiomirManual/PAM00309/9373/item/107581,../data/imgs/WF_panerai/107581_PAM00309_Radiomir Manual.jpeg
153,/85166,Radiomir Manual,PAM00577,7785,10750,2016,Yes,Yes,Mens,Manual,48 MM,Ceramic - Black,Leather - Brown,Black,100 metres,25/10/2020 11:34:35,https://www.watchfinder.es/Panerai/RadiomirManual/PAM00577/27742/item/85166,../data/imgs/WF_panerai//85166_PAM00577_Radiomir Manual.jpeg
154,136792,Radiomir Automatic,PAM00572,6665,9630,2014,Yes,Yes,Mens,Automatic,45 MM,Steel,Crocodile - Black,Black Quarter Arabic,100 metres,25/10/2020 11:34:38,https://www.watchfinder.es/Panerai/RadiomirAutomatic/PAM00572/28912/item/136792,../data/imgs/WF_panerai/136792_PAM00572_Radiomir Automatic.jpeg
155,130917,Radiomir Manual,PAM00183,4200,5040,2012,Yes,Yes,Mens,Manual,45 MM,Steel,Leather - Brown,Black Quarter Arabic,100 metres,25/10/2020 11:34:42,https://www.watchfinder.es/Panerai/RadiomirManual/PAM00183/3778/item/130917,../data/imgs/WF_panerai/130917_PAM00183_Radiomir Manual.jpeg
156,161800,Luminor 8 Days,PAM00911,14560,,2018,Yes,Yes,Mens,Manual,44 MM,Steel,Leather - Brown,Green Baton,300 metres,25/10/2020 11:34:45,https://www.watchfinder.es/Panerai/Luminor8Days/PAM00911/36233/item/161800,../data/imgs/WF_panerai/161800_PAM00911_Luminor 8 Days.jpeg
157,162466,Luminor Regatta,PAM00107,5545,,2002,No,Yes,Mens,Automatic,44 MM,Steel,Rubber - Black,Black Baton,300 metres,25/10/2020 11:34:48,https://www.watchfinder.es/Panerai/LuminorRegatta/PAM00107/29077/item/162466,../data/imgs/WF_panerai/162466_PAM00107_Luminor Regatta.jpeg
158,160617,Luminor Marina,PAM00563,5320,,2016,Yes,Yes,Mens,Automatic,44 MM,Steel,Leather - Black,White Arabic,300 metres,25/10/2020 11:34:51,https://www.watchfinder.es/Panerai/LuminorMarina/PAM00563/26867/item/160617,../data/imgs/WF_panerai/160617_PAM00563_Luminor Marina.jpeg
159,162365,Luminor 1950,PAM00311,9465,17135,2009,Yes,Yes,Mens,Manual,44 MM,Titanium,Alligator - Brown,Brown Baton,100 metres,25/10/2020 11:34:55,https://www.watchfinder.es/Panerai/Luminor1950/PAM00311/9914/item/162365,../data/imgs/WF_panerai/162365_PAM00311_Luminor 1950.jpeg
160,159997,Radiomir Manual,PAM00231,9240,11535,2008,Yes,Yes,Mens,Manual,45 MM,Rose Gold,Alligator - Brown,Black Quarter Arabic,100 metres,25/10/2020 11:34:58,https://www.watchfinder.es/Panerai/RadiomirManual/PAM00231/6298/item/159997,../data/imgs/WF_panerai/159997_PAM00231_Radiomir Manual.jpeg
161,120672,Luminor 8 Days,PAM00233,7785,11145,2007,Yes,Yes,Mens,Manual,44 MM,Steel,Rubber - Black,Black Baton,100 metres,25/10/2020 11:35:02,https://www.watchfinder.es/Panerai/Luminor8Days/PAM00233/37275/item/120672,../data/imgs/WF_panerai/120672_PAM00233_Luminor 8 Days.jpeg
162,151658,Luminor Regatta,PAM00526,11200,16240,2015,Yes,Yes,Mens,Automatic,47 MM,Titanium,Rubber - Black,Black Baton,100 metres,25/10/2020 11:35:05,https://www.watchfinder.es/Panerai/LuminorRegatta/PAM00526/23857/item/151658,../data/imgs/WF_panerai/151658_PAM00526_Luminor Regatta.jpeg
163,158569,Luminor Submersible,PAM00616,12935,16465,2016,Yes,Yes,Mens,Automatic,47 MM,Carbon Fiber,Rubber - Black,Black Baton,300 metres,25/10/2020 11:35:08,https://www.watchfinder.es/Panerai/LuminorSubmersible/PAM00616/32256/item/158569,../data/imgs/WF_panerai/158569_PAM00616_Luminor Submersible.jpeg
164,150794,Manifattura Luminor,PAM00320,5320,7950,2009,Yes,Yes,Mens,Automatic,44 MM,Steel,Alligator - Brown,Black Quarter Arabic,300 metres,25/10/2020 11:35:11,https://www.watchfinder.es/Panerai/ManifatturaLuminor/PAM00320/15186/item/150794,../data/imgs/WF_panerai/150794_PAM00320_Manifattura Luminor.jpeg
165,144478,Luminor Marina,PAM00359,5320,,2010,Yes,Yes,Mens,Automatic,44 MM,Steel,Leather - Black,Black Arabic,300 metres,25/10/2020 11:35:15,https://www.watchfinder.es/Panerai/LuminorMarina/PAM00359/36399/item/144478,../data/imgs/WF_panerai/144478_PAM00359_Luminor Marina.jpeg
166,122826,Radiomir Manual,PAM00183,4310,5040,2009,Yes,Yes,Mens,Manual,45 MM,Steel,Leather - Brown,Black Quarter Arabic,100 metres,25/10/2020 11:35:18,https://www.watchfinder.es/Panerai/RadiomirManual/PAM00183/3778/item/122826,../data/imgs/WF_panerai/122826_PAM00183_Radiomir Manual.jpeg
167,158626,Luminor Marina,PAM00104,5320,6610,2010,Yes,Yes,Mens,Automatic,44 MM,Steel,Alligator - Black,Black Baton,300 metres,25/10/2020 11:35:21,https://www.watchfinder.es/Panerai/LuminorMarina/PAM00104/27889/item/158626,../data/imgs/WF_panerai/158626_PAM00104_Luminor Marina.jpeg
168,160875,Luminor Marina,PAM00104,5320,6610,2009,Yes,Yes,Mens,Automatic,44 MM,Steel,Crocodile - Black,Black Baton,300 metres,25/10/2020 11:35:25,https://www.watchfinder.es/Panerai/LuminorMarina/PAM00104/27889/item/160875,../data/imgs/WF_panerai/160875_PAM00104_Luminor Marina.jpeg
169,120485,Mare Nostrum,PAM00716,7785,9630,2018,Yes,Yes,Mens,Automatic,42 MM,Steel,Leather - Brown,Blue Baton,50 metres,25/10/2020 11:35:28,https://www.watchfinder.es/Panerai/MareNostrum/PAM00716/35494/item/120485,../data/imgs/WF_panerai/120485_PAM00716_Mare Nostrum.jpeg
170,160721,Luminor 1950,PAM00629,10585,11090,2016,Yes,Yes,Mens,Manual,47 MM,Titanium,Leather - Brown,Black Quarter Arabic,100 metres,25/10/2020 11:35:31,https://www.watchfinder.es/Panerai/Luminor1950/PAM00629/29108/item/160721,../data/imgs/WF_panerai/160721_PAM00629_Luminor 1950.jpeg
171,/87294,Luminor Submersible,PAM00194,,,2016,No,No,Mens,Automatic,47 MM,Steel,Rubber - Black,Black Baton,0,25/10/2020 11:35:34,https://www.watchfinder.es/Panerai/LuminorSubmersible/PAM00194/15241/item/87294,../data/imgs/WF_panerai//87294_PAM00194_Luminor Submersible.jpeg
172,/85812,Luminor Marina,PAM00115,,,2016,No,No,Mens,Automatic,44 MM,Steel,Rubber - Black,Black Quarter Arabic,0,25/10/2020 11:35:37,https://www.watchfinder.es/Panerai/LuminorMarina/PAM00115/32976/item/85812,../data/imgs/WF_panerai//85812_PAM00115_Luminor Marina.jpeg
173,157698,Radiomir Manual,PAM00376,14280,24080,2012,Yes,Yes,Mens,Manual,47 MM,White Gold,Alligator - Brown,Brown,100 metres,25/10/2020 11:35:41,https://www.watchfinder.es/Panerai/RadiomirManual/PAM00376/23826/item/157698,../data/imgs/WF_panerai/157698_PAM00376_Radiomir Manual.jpeg
174,159125,Radiomir 3 Days Oro Rosa,PAM00379,14505,21390,2017,Yes,Yes,Mens,Manual,47 MM,Rose Gold,Alligator - Brown,Brown Baton,100 metres,25/10/2020 11:35:44,https://www.watchfinder.es/Panerai/Radiomir3DaysOroRosa/PAM00379/23828/item/159125,../data/imgs/WF_panerai/159125_PAM00379_Radiomir 3 Days Oro Rosa.jpeg
175,154125,Luminor Submersible,PAM00968,22345,15570,2019,Yes,Yes,Mens,Automatic,47 MM,Bronze,Leather - Brown,Brown,300 metres,25/10/2020 11:35:47,https://www.watchfinder.es/Panerai/LuminorSubmersible/PAM00968/39525/item/154125,../data/imgs/WF_panerai/154125_PAM00968_Luminor Submersible.jpeg
176,124930,Luminor Submersible,PAM00382,26600,,2012,Yes,Yes,Mens,Automatic,47 MM,Bronze,Leather - Brown,Green Baton,300 metres,25/10/2020 11:35:51,https://www.watchfinder.es/Panerai/LuminorSubmersible/PAM00382/22740/item/124930,../data/imgs/WF_panerai/124930_PAM00382_Luminor Submersible.jpeg
177,149958,Luminor 8 Days,PAM00233,6665,,2012,No,No,Mens,Manual,44 MM,Steel,Leather - Black,Black Baton,100 metres,25/10/2020 11:35:54,https://www.watchfinder.es/Panerai/Luminor8Days/PAM00233/6322/item/149958,../data/imgs/WF_panerai/149958_PAM00233_Luminor 8 Days.jpeg
178,159611,Radiomir Manual,PAM00262,22345,,2012,No,No,Mens,Manual,47 MM,Platinum,Leather - Brown,Brown,30 metres,25/10/2020 11:35:58,https://www.watchfinder.es/Panerai/RadiomirManual/PAM00262/45883/item/159611,../data/imgs/WF_panerai/159611_PAM00262_Radiomir Manual.jpeg
179,159067,Luminor 1950,PAM00537,6665,8510,2014,Yes,Yes,Mens,Automatic,42 MM,Steel,Calf - Brown,Black Baton,100 metres,25/10/2020 11:36:01,https://www.watchfinder.es/Panerai/Luminor1950/PAM00537/30438/item/159067,../data/imgs/WF_panerai/159067_PAM00537_Luminor 1950.jpeg
180,150894,Radiomir 3 Days Oro Rosa,PAM00379,14505,18145,2017,Yes,Yes,Mens,Manual,47 MM,Rose Gold,Alligator - Brown,Brown Baton,100 metres,25/10/2020 11:36:05,https://www.watchfinder.es/Panerai/Radiomir3DaysOroRosa/PAM00379/23828/item/150894,../data/imgs/WF_panerai/150894_PAM00379_Radiomir 3 Days Oro Rosa.jpeg
181,156023,Radiomir Automatic,PAM00572,6665,9630,2014,Yes,Yes,Mens,Automatic,45 MM,Steel,Crocodile - Black,Black Quarter Arabic,100 metres,25/10/2020 11:36:08,https://www.watchfinder.es/Panerai/RadiomirAutomatic/PAM00572/28912/item/156023,../data/imgs/WF_panerai/156023_PAM00572_Radiomir Automatic.jpeg
182,156768,Luminor Submersible,PAM00193,9800,,2009,Yes,Yes,Mens,Automatic,47 MM,Titanium,Fabric - Black,Black,120 metres,25/10/2020 11:36:11,https://www.watchfinder.es/Panerai/LuminorSubmersible/PAM00193/43709/item/156768,../data/imgs/WF_panerai/156768_PAM00193_Luminor Submersible.jpeg
183,152037,Luminor 8 Days,PAM00590,5320,,2019,Yes,Yes,Mens,Manual,44 MM,Steel,Leather - Brown,Black Baton,300 metres,25/10/2020 11:36:15,https://www.watchfinder.es/Panerai/Luminor8Days/PAM00590/26566/item/152037,../data/imgs/WF_panerai/152037_PAM00590_Luminor 8 Days.jpeg
184,158536,Luminor Chrono,PAM00250,4760,6385,2019,No,No,Mens,Automatic,44 MM,Steel,Alligator - Black,Black,100 metres,25/10/2020 11:36:18,https://www.watchfinder.es/Panerai/LuminorChrono/PAM00250/6314/item/158536,../data/imgs/WF_panerai/158536_PAM00250_Luminor Chrono.jpeg
185,109645,Luminor Marina,PAM00332,10920,11200,2009,Yes,Yes,Mens,Automatic,44 MM,Steel with PVD Coating,Leather - Black,Black Arabic,0,25/10/2020 11:36:21,https://www.watchfinder.es/Panerai/LuminorMarina/PAM00332/14333/item/109645,../data/imgs/WF_panerai/109645_PAM00332_Luminor Marina.jpeg
186,153686,Luminor 1950,PAM00213,6105,,2009,No,No,Mens,Automatic,44 MM,Steel,Rubber - Black,Black Baton,100 metres,25/10/2020 11:36:24,https://www.watchfinder.es/Panerai/Luminor1950/PAM00213/38532/item/153686,../data/imgs/WF_panerai/153686_PAM00213_Luminor 1950.jpeg
187,158982,Radiomir 3 Days Oro Rosa,PAM00570,17865,28225,2017,Yes,Yes,Mens,Manual,47 MM,Rose Gold,Alligator - Brown,Brown Quarter Arabic,50 metres,25/10/2020 11:36:28,https://www.watchfinder.es/Panerai/Radiomir3DaysOroRosa/PAM00570/30050/item/158982,../data/imgs/WF_panerai/158982_PAM00570_Radiomir 3 Days Oro Rosa.jpeg
188,156191,Luminor Due,PAM00739,9520,13550,2018,Yes,Yes,Mens,Automatic,45 MM,Steel,Alligator - Brown,Anthracite,30 metres,25/10/2020 11:36:31,https://www.watchfinder.es/Panerai/LuminorDue/PAM00739/41443/item/156191,../data/imgs/WF_panerai/156191_PAM00739_Luminor Due.jpeg
189,159478,Radiomir Manual,PAM00395,18985,32030,2012,Yes,Yes,Mens,Manual,45 MM,Rose Gold,Alligator - Brown,Brown Quarter Arabic,50 metres,25/10/2020 11:36:34,https://www.watchfinder.es/Panerai/RadiomirManual/PAM00395/23835/item/159478,../data/imgs/WF_panerai/159478_PAM00395_Radiomir Manual.jpeg
190,147101,Radiomir Manual,PAM00380,3975,,2016,Yes,Yes,Mens,Manual,45 MM,Steel,Leather - Black,Black Quarter Arabic,100 metres,25/10/2020 11:36:38,https://www.watchfinder.es/Panerai/RadiomirManual/PAM00380/42097/item/147101,../data/imgs/WF_panerai/147101_PAM00380_Radiomir Manual.jpeg
191,150343,Radiomir Automatic,PAM00572,6750,9630,2016,Yes,No,Mens,Automatic,45 MM,Steel,Crocodile - Black,Black Quarter Arabic,100 metres,25/10/2020 11:36:41,https://www.watchfinder.es/Panerai/RadiomirAutomatic/PAM00572/28912/item/150343,../data/imgs/WF_panerai/150343_PAM00572_Radiomir Automatic.jpeg
192,158130,Luminor Submersible,PAM00968,20160,15570,2019,Yes,Yes,Mens,Automatic,47 MM,Bronze,Rubber - Blue,Brown,300 metres,25/10/2020 11:36:44,https://www.watchfinder.es/Panerai/LuminorSubmersible/PAM00968/46276/item/158130,../data/imgs/WF_panerai/158130_PAM00968_Luminor Submersible.jpeg
193,157753,Submersible,PAM00982,16800,18480,2019,Yes,Yes,Mens,Automatic,47 MM,Titanium,Rubber - Blue,Grey,300 metres,25/10/2020 11:36:47,https://www.watchfinder.es/Panerai/Submersible/PAM00982/40274/item/157753,../data/imgs/WF_panerai/157753_PAM00982_Submersible.jpeg
194,157755,Submersible,PAM00979,14000,18480,2019,Yes,Yes,Mens,Automatic,47 MM,Carbon,Rubber - Black,Black,300 metres,25/10/2020 11:36:51,https://www.watchfinder.es/Panerai/Submersible/PAM00979/40463/item/157755,../data/imgs/WF_panerai/157755_PAM00979_Submersible.jpeg
195,155951,Luminor GMT,PAM00535,6130,8290,2019,Yes,No,Mens,Automatic,42 MM,Steel,Calf - Black,Black Baton,100 metres,25/10/2020 11:36:54,https://www.watchfinder.es/Panerai/LuminorGMT/PAM00535/42683/item/155951,../data/imgs/WF_panerai/155951_PAM00535_Luminor GMT.jpeg
196,/95733,Luminor Marina,PAM00028,7000,8510,2009,Yes,Yes,Mens,Automatic,44 MM,Steel with PVD Coating,Leather - Black,Black Quarter Arabic,0,25/10/2020 11:36:58,https://www.watchfinder.es/Panerai/LuminorMarina/PAM00028/15011/item/95733,../data/imgs/WF_panerai//95733_PAM00028_Luminor Marina.jpeg
197,159015,Radiomir Manual,PAM00449,7140,6720,2013,Yes,Yes,Mens,Manual,47 MM,Steel,Leather - Brown,Black Baton,100 metres,25/10/2020 11:37:01,https://www.watchfinder.es/Panerai/RadiomirManual/PAM00449/28192/item/159015,../data/imgs/WF_panerai/159015_PAM00449_Radiomir Manual.jpeg
198,158431,Submersible,PAM01055,12265,8400,2019,Yes,Yes,Mens,Automatic,42 MM,Steel,Rubber - Green,Green,300 metres,25/10/2020 11:37:05,https://www.watchfinder.es/Panerai/Submersible/PAM01055/43642/item/158431,../data/imgs/WF_panerai/158431_PAM01055_Submersible.jpeg
199,109720,Radiomir Manual,PAM00292,4900,6945,2009,Yes,Yes,Mens,Manual,45 MM,Ceramic - Black,Leather - Black,Black Quarter Arabic,100 metres,25/10/2020 11:37:08,https://www.watchfinder.es/Panerai/RadiomirManual/PAM00292/6299/item/109720,../data/imgs/WF_panerai/109720_PAM00292_Radiomir Manual.jpeg
200,149692,Luminor Submersible,PAM00968,22345,15570,2019,Yes,Yes,Mens,Automatic,47 MM,Bronze,Leather - Brown,Brown,300 metres,25/10/2020 11:37:11,https://www.watchfinder.es/Panerai/LuminorSubmersible/PAM00968/39525/item/149692,../data/imgs/WF_panerai/149692_PAM00968_Luminor Submersible.jpeg
201,156541,Luminor Chrono,PAM00524,7840,10750,2015,Yes,Yes,Mens,Automatic,44 MM,Steel,Leather - Black,Black Quarter Arabic,100 metres,25/10/2020 11:37:15,https://www.watchfinder.es/Panerai/LuminorChrono/PAM00524/23855/item/156541,../data/imgs/WF_panerai/156541_PAM00524_Luminor Chrono.jpeg
202,157641,Luminor 8 Days,PAM00233,9800,,2015,Yes,Yes,Mens,Manual,44 MM,Steel,Rubber - Black,Black Baton,100 metres,25/10/2020 11:37:18,https://www.watchfinder.es/Panerai/Luminor8Days/PAM00233/37275/item/157641,../data/imgs/WF_panerai/157641_PAM00233_Luminor 8 Days.jpeg
203,157391,Radiomir 1940,PAM00627,8905,11090,2019,Yes,Yes,Mens,Automatic,45 MM,Steel,Leather - Black,Black Quarter Arabic,100 metres,25/10/2020 11:37:22,https://www.watchfinder.es/Panerai/Radiomir1940/PAM00627/32067/item/157391,../data/imgs/WF_panerai/157391_PAM00627_Radiomir 1940.jpeg
204,150438,Radiomir 1940,PAM00627,8120,11090,2016,Yes,Yes,Mens,Automatic,45 MM,Steel,Leather - Brown,Black Quarter Arabic,100 metres,25/10/2020 11:37:25,https://www.watchfinder.es/Panerai/Radiomir1940/PAM00627/37177/item/150438,../data/imgs/WF_panerai/150438_PAM00627_Radiomir 1940.jpeg
205,157671,Luminor 1950,PAM00371,10025,10305,2014,Yes,Yes,Mens,Automatic,47 MM,Titanium,Rubber - Black,Blue Baton,300 metres,25/10/2020 11:37:28,https://www.watchfinder.es/Panerai/Luminor1950/PAM00371/23716/item/157671,../data/imgs/WF_panerai/157671_PAM00371_Luminor 1950.jpeg
206,157066,Radiomir Automatic,PAM00388,5880,7055,2019,Yes,Yes,Mens,Automatic,45 MM,Steel,Alligator - Black,Black Quarter Arabic,100 metres,25/10/2020 11:37:32,https://www.watchfinder.es/Panerai/RadiomirAutomatic/PAM00388/23830/item/157066,../data/imgs/WF_panerai/157066_PAM00388_Radiomir Automatic.jpeg
207,156332,Radiomir Manual,PAM00577,5880,10750,2019,No,No,Mens,Manual,48 MM,Ceramic - Black,Calf - Brown,Black,100 metres,25/10/2020 11:37:35,https://www.watchfinder.es/Panerai/RadiomirManual/PAM00577/27742/item/156332,../data/imgs/WF_panerai/156332_PAM00577_Radiomir Manual.jpeg
208,146515,Radiomir 8 days,PAM00502,26600,38975,2014,Yes,Yes,Mens,Manual,45 MM,Rose Gold,Alligator - Brown,Brown Quarter Arabic,50 metres,25/10/2020 11:37:38,https://www.watchfinder.es/Panerai/Radiomir8days/PAM00502/30004/item/146515,../data/imgs/WF_panerai/146515_PAM00502_Radiomir 8 days.jpeg
209,151518,Radiomir California 3 Days,PAM00448,8680,6720,2012,Yes,Yes,Mens,Manual,47 MM,Steel,Calf - Black,Black,100 metres,25/10/2020 11:37:41,https://www.watchfinder.es/Panerai/RadiomirCalifornia3Days/PAM00448/28388/item/151518,../data/imgs/WF_panerai/151518_PAM00448_Radiomir California 3 Days.jpeg
210,153738,Radiomir Manual,PAM00421,14000,17920,2017,Yes,Yes,Mens,Manual,47 MM,Red Gold,Alligator - Brown,Brown Baton,50 metres,25/10/2020 11:37:44,https://www.watchfinder.es/Panerai/RadiomirManual/PAM00421/23837/item/153738,../data/imgs/WF_panerai/153738_PAM00421_Radiomir Manual.jpeg
211,154568,Radiomir Automatic,PAM00388,5210,7055,2013,Yes,Yes,Mens,Automatic,45 MM,Steel,Alligator - Black,Black Quarter Arabic,100 metres,25/10/2020 11:37:47,https://www.watchfinder.es/Panerai/RadiomirAutomatic/PAM00388/23830/item/154568,../data/imgs/WF_panerai/154568_PAM00388_Radiomir Automatic.jpeg
212,154054,Radiomir 1940 3 Days,PAM00662,7785,10640,2017,Yes,Yes,Mens,Manual,47 MM,Steel,Leather - Brown,Brown Arabic,100 metres,25/10/2020 11:37:51,https://www.watchfinder.es/Panerai/Radiomir19403Days/PAM00662/33117/item/154054,../data/imgs/WF_panerai/154054_PAM00662_Radiomir 1940 3 Days.jpeg
213,154051,Radiomir 3 Days Acciaio,PAM00687,9520,9295,2017,Yes,Yes,Mens,Automatic,47 MM,Steel,Leather - Brown,Brown Quarter Arabic,30 metres,25/10/2020 11:37:54,https://www.watchfinder.es/Panerai/Radiomir3DaysAcciaio/PAM00687/33859/item/154051,../data/imgs/WF_panerai/154051_PAM00687_Radiomir 3 Days Acciaio.jpeg
214,153733,Luminor 8 Days,PAM00779,6440,7730,2019,Yes,Yes,Mens,Automatic,44 MM,Titanium Black DLC,Leather - Brown,Black,300 metres,25/10/2020 11:37:58,https://www.watchfinder.es/Panerai/Luminor8Days/PAM00779/40906/item/153733,../data/imgs/WF_panerai/153733_PAM00779_Luminor 8 Days.jpeg
215,150314,Radiomir 1938,PAM00232,6665,,2007,Yes,Yes,Mens,Manual,47 MM,Steel,Leather - Brown,Brown Quarter Arabic,100 metres,25/10/2020 11:38:01,https://www.watchfinder.es/Panerai/Radiomir1938/PAM00232/27975/item/150314,../data/imgs/WF_panerai/150314_PAM00232_Radiomir 1938.jpeg
216,155359,Luminor Power Reserve,PAM00125,4845,,2007,Yes,No,Mens,Automatic,40 MM,Steel,Alligator - Black,Black Arabic,300 metres,25/10/2020 11:38:05,https://www.watchfinder.es/Panerai/LuminorPowerReserve/PAM00125/3802/item/155359,../data/imgs/WF_panerai/155359_PAM00125_Luminor Power Reserve.jpeg
217,156153,Radiomir Manual,PAM00163,13385,,2005,Yes,Yes,Mens,Manual,44 MM,Steel,Alligator - Black,Black,100 metres,25/10/2020 11:38:08,https://www.watchfinder.es/Panerai/RadiomirManual/PAM00163/45107/item/156153,../data/imgs/WF_panerai/156153_PAM00163_Radiomir Manual.jpeg
218,146498,Luminor 1950,PAM00670,18985,20495,2018,Yes,Yes,Mens,Manual,47 MM,Titanium,Alligator - Blue,Blue Quarter Arabic,100 metres,25/10/2020 11:38:11,https://www.watchfinder.es/Panerai/Luminor1950/PAM00670/35439/item/146498,../data/imgs/WF_panerai/146498_PAM00670_Luminor 1950.jpeg
219,154869,Luminor Marina,PAM00022,6665,,2000,Yes,Yes,Mens,Manual,44 MM,Steel,Rubber - Black,Black Quarter Arabic,300 metres,25/10/2020 11:38:14,https://www.watchfinder.es/Panerai/LuminorMarina/PAM00022/44721/item/154869,../data/imgs/WF_panerai/154869_PAM00022_Luminor Marina.jpeg
220,153412,Luminor Marina,PAM00392,5880,,2015,Yes,Yes,Mens,Automatic,42 MM,Steel,Alligator - Black,Black Baton,100 metres,25/10/2020 11:38:17,https://www.watchfinder.es/Panerai/LuminorMarina/PAM00392/23833/item/153412,../data/imgs/WF_panerai/153412_PAM00392_Luminor Marina.jpeg
221,150313,Luminor 8 Days,PAM00590,5150,,2014,Yes,Yes,Mens,Manual,44 MM,Steel,Leather - Brown,Black Baton,300 metres,25/10/2020 11:38:21,https://www.watchfinder.es/Panerai/Luminor8Days/PAM00590/26566/item/150313,../data/imgs/WF_panerai/150313_PAM00590_Luminor 8 Days.jpeg
222,154438,Luminor 8 Days,PAM00576,21000,26880,2019,Yes,Yes,Mens,Manual,44 MM,Rose Gold,Crocodile - Brown,Brown Arabic,50 metres,25/10/2020 11:38:24,https://www.watchfinder.es/Panerai/Luminor8Days/PAM00576/31321/item/154438,../data/imgs/WF_panerai/154438_PAM00576_Luminor 8 Days.jpeg
223,150705,Luminor Submersible,PAM00615,12265,,2016,Yes,Yes,Mens,Automatic,47 MM,Titanium,Rubber - Black,Black,300 metres,25/10/2020 11:38:27,https://www.watchfinder.es/Panerai/LuminorSubmersible/PAM00615/27693/item/150705,../data/imgs/WF_panerai/150705_PAM00615_Luminor Submersible.jpeg
224,154038,Luminor Due,PAM00674,7785,10190,2018,Yes,Yes,Mens,Automatic,45 MM,Steel,Alligator - Black,Black Quarter Arabic,30 metres,25/10/2020 11:38:31,https://www.watchfinder.es/Panerai/LuminorDue/PAM00674/32164/item/154038,../data/imgs/WF_panerai/154038_PAM00674_Luminor Due.jpeg
225,152451,Radiomir 1940,PAM00513,12710,16800,2018,Yes,Yes,Mens,Manual,42 MM,Red Gold,Alligator - Brown,Brown Quarter Arabic,100 metres,25/10/2020 11:38:34,https://www.watchfinder.es/Panerai/Radiomir1940/PAM00513/23851/item/152451,../data/imgs/WF_panerai/152451_PAM00513_Radiomir 1940.jpeg
226,152695,Mare Nostrum,PAM00716,7785,,2017,Yes,Yes,Mens,Automatic,42 MM,Steel,Alligator - Blue,Blue Baton,50 metres,25/10/2020 11:38:37,https://www.watchfinder.es/Panerai/MareNostrum/PAM00716/35494/item/152695,../data/imgs/WF_panerai/152695_PAM00716_Mare Nostrum.jpeg
227,142451,Radiomir Automatic,PAM00288,5320,,2007,Yes,Yes,Mens,Automatic,45 MM,Steel,Alligator - Black,Black Baton,100 metres,25/10/2020 11:38:40,https://www.watchfinder.es/Panerai/RadiomirAutomatic/PAM00288/6321/item/142451,../data/imgs/WF_panerai/142451_PAM00288_Radiomir Automatic.jpeg
228,149944,Luminor Submersible,PAM00507,25705,,2016,Yes,Yes,Mens,Automatic,47 MM,Bronze,Leather - Brown,Green Baton,300 metres,25/10/2020 11:38:44,https://www.watchfinder.es/Panerai/LuminorSubmersible/PAM00507/23848/item/149944,../data/imgs/WF_panerai/149944_PAM00507_Luminor Submersible.jpeg
229,152248,Luminor Marina,PAM01048,5880,6800,2017,Yes,Yes,Mens,Automatic,40 MM,Steel,Leather - Brown,Black,300 metres,25/10/2020 11:38:47,https://www.watchfinder.es/Panerai/LuminorMarina/PAM01048/34554/item/152248,../data/imgs/WF_panerai/152248_PAM01048_Luminor Marina.jpeg
230,150714,Radiomir 3 Days Oro Rosa,PAM00379,14195,18145,2012,Yes,Yes,Mens,Manual,47 MM,Rose Gold,Leather - Brown,Brown Baton,100 metres,25/10/2020 11:38:51,https://www.watchfinder.es/Panerai/Radiomir3DaysOroRosa/PAM00379/23828/item/150714,../data/imgs/WF_panerai/150714_PAM00379_Radiomir 3 Days Oro Rosa.jpeg
231,135796,Luminor Power Reserve,PAM00090,4985,7390,2012,No,No,Mens,Automatic,44 MM,Steel,Alligator - Brown,Black Baton,100 metres,25/10/2020 11:38:54,https://www.watchfinder.es/Panerai/LuminorPowerReserve/PAM00090/37808/item/135796,../data/imgs/WF_panerai/135796_PAM00090_Luminor Power Reserve.jpeg
232,142435,Luminor Due 3 Days Accaio,PAM00676,6690,7730,2017,Yes,Yes,Mens,Manual,42 MM,Steel,Alligator - Black,Black Quarter Arabic,30 metres,25/10/2020 11:38:58,https://www.watchfinder.es/Panerai/LuminorDue3DaysAccaio/PAM00676/30582/item/142435,../data/imgs/WF_panerai/142435_PAM00676_Luminor Due 3 Days Accaio.jpeg
233,119414,Radiomir Manual,PAM00514,5320,7000,2015,Yes,Yes,Mens,Manual,47 MM,Steel,Leather - Brown,Black Baton,100 metres,25/10/2020 11:39:01,https://www.watchfinder.es/Panerai/RadiomirManual/PAM00514/23852/item/119414,../data/imgs/WF_panerai/119414_PAM00514_Radiomir Manual.jpeg
234,131351,Luminor Submersible,PAM00508,14505,12210,2015,Yes,Yes,Mens,Automatic,47 MM,Ceramic - Black,Leather - Brown,Black Baton,300 metres,25/10/2020 11:39:04,https://www.watchfinder.es/Panerai/LuminorSubmersible/PAM00508/23849/item/131351,../data/imgs/WF_panerai/131351_PAM00508_Luminor Submersible.jpeg
235,145884,Luminor Due,PAM00729,8400,10750,2018,Yes,Yes,Mens,Automatic,45 MM,Titanium,Alligator - Blue,Blue Quarter Arabic,30 metres,25/10/2020 11:39:08,https://www.watchfinder.es/Panerai/LuminorDue/PAM00729/35226/item/145884,../data/imgs/WF_panerai/145884_PAM00729_Luminor Due.jpeg
236,143796,Luminor Marina,PAM00003,3865,,2018,No,No,Mens,Manual,44 MM,Steel,Rubber - Black,White Arabic,100 metres,25/10/2020 11:39:11,https://www.watchfinder.es/Panerai/LuminorMarina/PAM00003/39916/item/143796,../data/imgs/WF_panerai/143796_PAM00003_Luminor Marina.jpeg
237,151044,Manifattura Radiomir,PAM00268,6665,,2010,Yes,Yes,Mens,Manual,45 MM,Steel,Alligator - Black,Black Baton,100 metres,25/10/2020 11:39:14,https://www.watchfinder.es/Panerai/ManifatturaRadiomir/PAM00268/6323/item/151044,../data/imgs/WF_panerai/151044_PAM00268_Manifattura Radiomir.jpeg
238,150780,Luminor Submersible,PAM00616,13945,16465,2018,Yes,Yes,Mens,Automatic,47 MM,Carbon Fiber,Rubber - Black,Black Baton,300 metres,25/10/2020 11:39:18,https://www.watchfinder.es/Panerai/LuminorSubmersible/PAM00616/32256/item/150780,../data/imgs/WF_panerai/150780_PAM00616_Luminor Submersible.jpeg
239,150291,Luminor Submersible,PAM00968,25480,15570,2019,Yes,Yes,Mens,Automatic,47 MM,Bronze,Leather - Brown,Brown,300 metres,25/10/2020 11:39:24,https://www.watchfinder.es/Panerai/LuminorSubmersible/PAM00968/39525/item/150291,../data/imgs/WF_panerai/150291_PAM00968_Luminor Submersible.jpeg
240,150412,Radiomir 1940 3 Days,PAM00662,8400,10640,2019,Yes,Yes,Mens,Manual,47 MM,Steel,Leather - Brown,Brown Arabic,100 metres,25/10/2020 11:39:28,https://www.watchfinder.es/Panerai/Radiomir19403Days/PAM00662/33117/item/150412,../data/imgs/WF_panerai/150412_PAM00662_Radiomir 1940 3 Days.jpeg
241,116530,Manifattura Luminor,PAM00270,8400,12095,2009,Yes,Yes,Mens,Automatic,44 MM,Steel,Crocodile - Brown,Black Quarter Arabic,100 metres,25/10/2020 11:39:35,https://www.watchfinder.es/Panerai/ManifatturaLuminor/PAM00270/6324/item/116530,../data/imgs/WF_panerai/116530_PAM00270_Manifattura Luminor.jpeg
242,148521,Radiomir Manual,PAM00380,3865,,2012,Yes,Yes,Mens,Manual,45 MM,Steel,Leather - Brown,Black Quarter Arabic,100 metres,25/10/2020 11:39:38,https://www.watchfinder.es/Panerai/RadiomirManual/PAM00380/42097/item/148521,../data/imgs/WF_panerai/148521_PAM00380_Radiomir Manual.jpeg
243,145824,Mare Nostrum,PAM00603,22345,38530,2016,Yes,Yes,Mens,Manual,52 MM,Titanium,Leather - Brown,Brown Quarter Arabic,30 metres,25/10/2020 11:39:41,https://www.watchfinder.es/Panerai/MareNostrum/PAM00603/40053/item/145824,../data/imgs/WF_panerai/145824_PAM00603_Mare Nostrum.jpeg
244,142546,Luminor Marina,PAM00299,5320,,2009,Yes,Yes,Mens,Automatic,44 MM,Steel,Steel,Black Baton,300 metres,25/10/2020 11:39:45,https://www.watchfinder.es/Panerai/LuminorMarina/PAM00299/9904/item/142546,../data/imgs/WF_panerai/142546_PAM00299_Luminor Marina.jpeg
245,144022,Radiomir Automatic,PAM00141,5880,,2002,Yes,Yes,Mens,Automatic,42 MM,Steel,Alligator - Burgundy,Black,100 metres,25/10/2020 11:39:48,https://www.watchfinder.es/Panerai/RadiomirAutomatic/PAM00141/27196/item/144022,../data/imgs/WF_panerai/144022_PAM00141_Radiomir Automatic.jpeg
246,146394,Luminor Marina,PAM00104,5320,6610,2009,Yes,Yes,Mens,Automatic,44 MM,Steel,Rubber - Black,Black Baton,300 metres,25/10/2020 11:39:51,https://www.watchfinder.es/Panerai/LuminorMarina/PAM00104/36108/item/146394,../data/imgs/WF_panerai/146394_PAM00104_Luminor Marina.jpeg
247,146374,Radiomir Manual,PAM00425,5320,7000,2015,Yes,Yes,Mens,Manual,47 MM,Steel,Leather - Brown,Black,100 metres,25/10/2020 11:39:54,https://www.watchfinder.es/Panerai/RadiomirManual/PAM00425/23404/item/146374,../data/imgs/WF_panerai/146374_PAM00425_Radiomir Manual.jpeg
248,146127,Radiomir Automatic,PAM00373,19600,33265,2015,Yes,No,Mens,Automatic,47 MM,Platinum,Alligator - Brown,Brown Baton,100 metres,25/10/2020 11:39:58,https://www.watchfinder.es/Panerai/RadiomirAutomatic/PAM00373/23824/item/146127,../data/imgs/WF_panerai/146127_PAM00373_Radiomir Automatic.jpeg
249,144647,Luminor Submersible,PAM00285,10920,,2009,Yes,Yes,Mens,Automatic,44 MM,Steel & Titanium,Leather - Black,Black Baton,2500 metres,25/10/2020 11:40:01,https://www.watchfinder.es/Panerai/LuminorSubmersible/PAM00285/15671/item/144647,../data/imgs/WF_panerai/144647_PAM00285_Luminor Submersible.jpeg
250,/69846,Radiomir Automatic,PAM00235,,22850,2007,Yes,Yes,Mens,Automatic,45 MM,White Gold,Alligator - Brown,Black Quarter Arabic,100 metres,25/10/2020 11:40:07,https://www.watchfinder.es/Panerai/RadiomirAutomatic/PAM00235/9907/item/69846,../data/imgs/WF_panerai//69846_PAM00235_Radiomir Automatic.jpeg
251,139779,Radiomir 1940 3 Days,PAM00740,16745,18480,2018,Yes,Yes,Mens,Automatic,42 MM,Rose Gold,Alligator - Black,Black,50 metres,25/10/2020 11:40:13,https://www.watchfinder.es/Panerai/Radiomir19403Days/PAM00740/37654/item/139779,../data/imgs/WF_panerai/139779_PAM00740_Radiomir 1940 3 Days.jpeg
252,120720,Luminor Marina,PAM00221,5545,,2006,Yes,Yes,Mens,Automatic,44 MM,Steel & Titanium,Steel & Titanium,Black Baton,300 metres,25/10/2020 11:40:17,https://www.watchfinder.es/Panerai/LuminorMarina/PAM00221/3783/item/120720,../data/imgs/WF_panerai/120720_PAM00221_Luminor Marina.jpeg
253,137688,Radiomir Automatic,PAM00288,5545,,2011,Yes,Yes,Mens,Automatic,45 MM,Steel,Crocodile - Black,Black Baton,100 metres,25/10/2020 11:40:20,https://www.watchfinder.es/Panerai/RadiomirAutomatic/PAM00288/6321/item/137688,../data/imgs/WF_panerai/137688_PAM00288_Radiomir Automatic.jpeg
254,/98799,Radiomir Manual,PAM00587,7560,8735,2015,Yes,Yes,Mens,Manual,47 MM,Steel,Leather - Brown,Black Quarter Arabic,100 metres,25/10/2020 11:40:23,https://www.watchfinder.es/Panerai/RadiomirManual/PAM00587/6327/item/98799,../data/imgs/WF_panerai//98799_PAM00587_Radiomir Manual.jpeg
255,114771,Radiomir Manual,PAM00339,7785,,2011,Yes,Yes,Mens,Manual,47 MM,Ceramic - Black,Leather - Brown,Brown Quarter Arabic,0,25/10/2020 11:40:27,https://www.watchfinder.es/Panerai/RadiomirManual/PAM00339/21940/item/114771,../data/imgs/WF_panerai/114771_PAM00339_Radiomir Manual.jpeg
256,134854,Radiomir Manual,PAM00421,13385,17920,2013,Yes,Yes,Mens,Manual,47 MM,Red Gold,Alligator - Black,Brown Baton,50 metres,25/10/2020 11:40:30,https://www.watchfinder.es/Panerai/RadiomirManual/PAM00421/23837/item/134854,../data/imgs/WF_panerai/134854_PAM00421_Radiomir Manual.jpeg
257,136426,Luminor 1950,PAM00614,11480,14670,2017,Yes,Yes,Mens,Automatic,47 MM,Titanium,Rubber - Black,Black,300 metres,25/10/2020 11:40:34,https://www.watchfinder.es/Panerai/Luminor1950/PAM00614/30232/item/136426,../data/imgs/WF_panerai/136426_PAM00614_Luminor 1950.jpeg
258,134258,Luminor 1950,PAM00653,10025,11650,2019,Yes,Yes,Mens,Automatic,44 MM,Steel,Leather - Brown,Black Arabic,100 metres,25/10/2020 11:40:37,https://www.watchfinder.es/Panerai/Luminor1950/PAM00653/39304/item/134258,../data/imgs/WF_panerai/134258_PAM00653_Luminor 1950.jpeg
259,135089,Luminor 1950,PAM00275,11480,14335,2019,Yes,Yes,Mens,Manual,44 MM,Steel,Alligator - Black,Black Baton,100 metres,25/10/2020 11:40:40,https://www.watchfinder.es/Panerai/Luminor1950/PAM00275/6325/item/135089,../data/imgs/WF_panerai/135089_PAM00275_Luminor 1950.jpeg
260,135249,Luminor 8 Days,PAM00233,7785,11145,2007,Yes,Yes,Mens,Manual,44 MM,Steel,Leather - Black,Black Baton,100 metres,25/10/2020 11:40:43,https://www.watchfinder.es/Panerai/Luminor8Days/PAM00233/6322/item/135249,../data/imgs/WF_panerai/135249_PAM00233_Luminor 8 Days.jpeg
261,134668,Radiomir 3 Days Acciaio,PAM00721,9800,8960,2018,Yes,Yes,Mens,Manual,47 MM,Steel,Leather - Brown,Black Quarter Arabic,100 metres,25/10/2020 11:40:47,https://www.watchfinder.es/Panerai/Radiomir3DaysAcciaio/PAM00721/36291/item/134668,../data/imgs/WF_panerai/134668_PAM00721_Radiomir 3 Days Acciaio.jpeg
262,134256,Radiomir Automatic,PAM00572,8400,9970,2019,Yes,Yes,Mens,Automatic,45 MM,Steel,Crocodile - Black,Black Quarter Arabic,100 metres,25/10/2020 11:40:50,https://www.watchfinder.es/Panerai/RadiomirAutomatic/PAM00572/28912/item/134256,../data/imgs/WF_panerai/134256_PAM00572_Radiomir Automatic.jpeg
263,/93325,Radiomir Automatic,PAM00391,11480,,2012,Yes,Yes,Mens,Automatic,47 MM,Steel,Leather - Brown,Brown Quarter Arabic,100 metres,25/10/2020 11:40:53,https://www.watchfinder.es/Panerai/RadiomirAutomatic/PAM00391/24111/item/93325,../data/imgs/WF_panerai//93325_PAM00391_Radiomir Automatic.jpeg
264,128983,Radiomir Automatic,PAM00572,7225,9630,2015,Yes,Yes,Mens,Automatic,45 MM,Steel,Crocodile - Black,Black Quarter Arabic,100 metres,25/10/2020 11:40:56,https://www.watchfinder.es/Panerai/RadiomirAutomatic/PAM00572/28912/item/128983,../data/imgs/WF_panerai/128983_PAM00572_Radiomir Automatic.jpeg
265,128877,Radiomir Manual,PAM00380,3865,,2007,Yes,Yes,Mens,Manual,45 MM,Steel,Leather - Black,Black Quarter Arabic,100 metres,25/10/2020 11:41:00,https://www.watchfinder.es/Panerai/RadiomirManual/PAM00380/35568/item/128877,../data/imgs/WF_panerai/128877_PAM00380_Radiomir Manual.jpeg
266,122062,Luminor Chrono,PAM00052,8400,,2000,Yes,Yes,Mens,Automatic,40 MM,Steel & Titanium,Steel & Titanium,Black Arabic,0,25/10/2020 11:41:03,https://www.watchfinder.es/Panerai/LuminorChrono/PAM00052/25817/item/122062,../data/imgs/WF_panerai/122062_PAM00052_Luminor Chrono.jpeg
267,123783,Luminor Marina,PAM00530,15400,20385,2016,Yes,Yes,Mens,Automatic,47 MM,,Rubber - Black,Black Baton,100 metres,25/10/2020 11:41:07,https://www.watchfinder.es/Panerai/LuminorMarina/PAM00530/23858/item/123783,../data/imgs/WF_panerai/123783_PAM00530_Luminor Marina.jpeg
268,125340,Luminor 1950,PAM00441,9240,10190,2014,Yes,Yes,Mens,Automatic,44 MM,Ceramic - Black,Leather - Suede,Black Arabic,100 metres,25/10/2020 11:41:10,https://www.watchfinder.es/Panerai/Luminor1950/PAM00441/23842/item/125340,../data/imgs/WF_panerai/125340_PAM00441_Luminor 1950.jpeg
269,125354,Manifattura Radiomir,PAM00268,6105,,2014,Yes,No,Mens,Manual,45 MM,Steel,Leather - Black,Black Baton,100 metres,25/10/2020 11:41:13,https://www.watchfinder.es/Panerai/ManifatturaRadiomir/PAM00268/6323/item/125354,../data/imgs/WF_panerai/125354_PAM00268_Manifattura Radiomir.jpeg
270,124025,Manifattura Luminor,PAM00270,8120,12095,2008,No,Yes,Mens,Automatic,44 MM,Steel,Rubber - Black,Black Quarter Arabic,100 metres,25/10/2020 11:41:16,https://www.watchfinder.es/Panerai/ManifatturaLuminor/PAM00270/37809/item/124025,../data/imgs/WF_panerai/124025_PAM00270_Manifattura Luminor.jpeg
271,120862,Luminor Pangaea,PAM00307,8400,12655,2008,Yes,No,Mens,Automatic,47 MM,Steel & Titanium,Rubber - Black,Blue Baton,120 metres,25/10/2020 11:41:19,https://www.watchfinder.es/Panerai/LuminorPangaea/PAM00307/9920/item/120862,../data/imgs/WF_panerai/120862_PAM00307_Luminor Pangaea.jpeg
272,121043,Manifattura Luminor,PAM00320,5880,,2010,Yes,Yes,Mens,Automatic,44 MM,Steel,Steel,Black Quarter Arabic,300 metres,25/10/2020 11:41:23,https://www.watchfinder.es/Panerai/ManifatturaLuminor/PAM00320/37318/item/121043,../data/imgs/WF_panerai/121043_PAM00320_Manifattura Luminor.jpeg
273,119626,Luminor Marina,PAM00028,7000,,2009,Yes,Yes,Mens,Automatic,44 MM,Steel with PVD Coating,Leather - Black,Black Quarter Arabic,300 metres,25/10/2020 11:41:26,https://www.watchfinder.es/Panerai/LuminorMarina/PAM00028/15011/item/119626,../data/imgs/WF_panerai/119626_PAM00028_Luminor Marina.jpeg
274,115586,Radiomir 10 Days GMT,PAM00550,13160,,2018,Yes,Yes,Mens,Automatic,47 MM,Steel,Leather - Brown,Black Arabic,100 metres,25/10/2020 11:41:29,https://www.watchfinder.es/Panerai/Radiomir10DaysGMT/PAM00550/36512/item/115586,../data/imgs/WF_panerai/115586_PAM00550_Radiomir 10 Days GMT.jpeg
275,108466,Manifattura Luminor,PAM00328,5545,7280,2018,No,No,Mens,Automatic,44 MM,Steel,Steel,Black Quarter Arabic,300 metres,25/10/2020 11:41:33,https://www.watchfinder.es/Panerai/ManifatturaLuminor/PAM00328/15184/item/108466,../data/imgs/WF_panerai/108466_PAM00328_Manifattura Luminor.jpeg
